-- phpMyAdmin SQL Dump
-- version 5.0.2
-- https://www.phpmyadmin.net/
--
-- Servidor: 127.0.0.1
-- Tiempo de generación: 21-11-2021 a las 05:03:20
-- Versión del servidor: 10.4.11-MariaDB
-- Versión de PHP: 7.2.30

SET SQL_MODE = "NO_AUTO_VALUE_ON_ZERO";
START TRANSACTION;
SET time_zone = "+00:00";


/*!40101 SET @OLD_CHARACTER_SET_CLIENT=@@CHARACTER_SET_CLIENT */;
/*!40101 SET @OLD_CHARACTER_SET_RESULTS=@@CHARACTER_SET_RESULTS */;
/*!40101 SET @OLD_COLLATION_CONNECTION=@@COLLATION_CONNECTION */;
/*!40101 SET NAMES utf8mb4 */;

--
-- Base de datos: `gd`
--

-- --------------------------------------------------------

--
-- Estructura de tabla para la tabla `categorias`
--

CREATE TABLE `categorias` (
  `id` bigint(20) UNSIGNED NOT NULL,
  `created_at` timestamp NULL DEFAULT NULL,
  `updated_at` timestamp NULL DEFAULT NULL,
  `categ` varchar(255) COLLATE utf8mb4_unicode_ci NOT NULL
) ENGINE=InnoDB DEFAULT CHARSET=utf8mb4 COLLATE=utf8mb4_unicode_ci;

--
-- Volcado de datos para la tabla `categorias`
--

INSERT INTO `categorias` (`id`, `created_at`, `updated_at`, `categ`) VALUES
(1, '2021-11-21 01:41:14', '2021-11-21 01:41:14', 'Primera Categoría'),
(2, '2021-11-21 01:41:14', '2021-11-21 01:41:14', 'Segunda Categoría'),
(3, '2021-11-21 01:41:14', '2021-11-21 01:41:14', 'Tercera Categoría');

-- --------------------------------------------------------

--
-- Estructura de tabla para la tabla `clientes`
--

CREATE TABLE `clientes` (
  `id` bigint(20) UNSIGNED NOT NULL,
  `created_at` timestamp NULL DEFAULT NULL,
  `updated_at` timestamp NULL DEFAULT NULL,
  `nomb` varchar(255) COLLATE utf8mb4_unicode_ci NOT NULL,
  `CI` varchar(255) COLLATE utf8mb4_unicode_ci NOT NULL,
  `dir` varchar(255) COLLATE utf8mb4_unicode_ci NOT NULL,
  `telef` varchar(255) COLLATE utf8mb4_unicode_ci NOT NULL,
  `email` varchar(255) COLLATE utf8mb4_unicode_ci NOT NULL
) ENGINE=InnoDB DEFAULT CHARSET=utf8mb4 COLLATE=utf8mb4_unicode_ci;

--
-- Volcado de datos para la tabla `clientes`
--

INSERT INTO `clientes` (`id`, `created_at`, `updated_at`, `nomb`, `CI`, `dir`, `telef`, `email`) VALUES
(1, '2021-11-21 01:41:04', '2021-11-21 01:41:04', 'Jamison Jacobs', 'eaque', '7816 Graham Corners Suite 482\nPinkiehaven, CT 89288-0063', '+17432524711', 'fveum@yahoo.com'),
(2, '2021-11-21 01:41:04', '2021-11-21 01:41:04', 'Lenny Anderson Sr.', 'eligendi', '892 Kohler Squares\nJonasview, CT 34360', '1-820-559-5349', 'lyric.bechtelar@gmail.com'),
(3, '2021-11-21 01:41:04', '2021-11-21 01:41:04', 'Norwood Tillman', 'et', '6988 Dickens Bridge\nNorth Elmore, SC 26223-4698', '937-491-1124', 'ericka.collier@kihn.info'),
(4, '2021-11-21 01:41:04', '2021-11-21 01:41:04', 'Emmet Kilback', 'est', '869 Weissnat Grove\nZolahaven, KY 49441', '(425) 720-1138', 'winifred67@gmail.com'),
(5, '2021-11-21 01:41:04', '2021-11-21 01:41:04', 'Ms. Maybelle Schimmel', 'et', '45983 Stracke Vista Apt. 220\nEvamouth, OR 30690-8476', '1-937-322-8317', 'dare.julio@johnston.com'),
(6, '2021-11-21 01:41:04', '2021-11-21 01:41:04', 'Sydney Parker', 'cumque', '7111 David Fields\nNew Ruthefurt, NC 35507-0686', '1-762-336-1373', 'xgottlieb@hagenes.com'),
(7, '2021-11-21 01:41:05', '2021-11-21 01:41:05', 'Kelton Langworth', 'eos', '732 Sydnie Vista\nKielborough, ID 33149', '1-240-330-7187', 'nkonopelski@yahoo.com'),
(8, '2021-11-21 01:41:05', '2021-11-21 01:41:05', 'Mrs. Avis Jacobson', 'harum', '1715 Breitenberg Burgs Suite 389\nEvelynchester, RI 54434-6608', '+1-539-793-4624', 'baumbach.olen@gmail.com'),
(9, '2021-11-21 01:41:05', '2021-11-21 01:41:05', 'Mr. Luigi McGlynn', 'ab', '55161 Braun Avenue Apt. 423\nNorth Reyes, DC 27363-8875', '+1.678.595.4068', 'imogene22@gusikowski.net'),
(10, '2021-11-21 01:41:05', '2021-11-21 01:41:05', 'Lydia Bogisich II', 'consectetur', '95710 Goyette Loaf Apt. 004\nEast Magnusfort, NC 50308-0923', '262.878.3184', 'legros.dock@heidenreich.com'),
(11, '2021-11-21 01:41:05', '2021-11-21 01:41:05', 'Allene Kozey', 'a', '32413 Eliane Heights\nNashhaven, NJ 39571', '(352) 464-9205', 'gordon.christiansen@yahoo.com'),
(12, '2021-11-21 01:41:05', '2021-11-21 01:41:05', 'Larissa Murazik Jr.', 'velit', '283 Funk Well\nTiastad, FL 77907-5665', '1-505-429-7949', 'nolan.ernie@west.com'),
(13, '2021-11-21 01:41:05', '2021-11-21 01:41:05', 'Amanda Sauer', 'quam', '67589 Brandy Mission Apt. 943\nSouth Isadore, LA 11488', '1-563-363-7617', 'labadie.janelle@yahoo.com'),
(14, '2021-11-21 01:41:05', '2021-11-21 01:41:05', 'Prof. Aida Mayer MD', 'tempore', '911 Wendell Via Apt. 708\nLeschstad, RI 69789', '+1 (304) 229-5471', 'powlowski.lelia@hotmail.com'),
(15, '2021-11-21 01:41:05', '2021-11-21 01:41:05', 'Enid Wyman', 'enim', '107 Lenore Trace\nMarquardtfurt, NY 28957', '+1-571-468-9211', 'jakubowski.gladyce@yahoo.com'),
(16, '2021-11-21 01:41:05', '2021-11-21 01:41:05', 'Madonna Langosh', 'aliquam', '967 Haylie Landing\nCadenbury, CT 74107', '+1-925-524-8137', 'xdicki@beier.com'),
(17, '2021-11-21 01:41:05', '2021-11-21 01:41:05', 'Barton Leffler', 'aut', '240 Mozell Pass\nFelicialand, MN 63264-1585', '+1 (831) 595-8161', 'von.tony@dibbert.org'),
(18, '2021-11-21 01:41:05', '2021-11-21 01:41:05', 'Josiah Block', 'et', '15725 Gracie Well\nWest Shanaborough, WI 69276-4274', '405.613.0116', 'turcotte.ashly@kessler.biz'),
(19, '2021-11-21 01:41:05', '2021-11-21 01:41:05', 'Virginia Williamson', 'et', '38646 Jalyn Hills Apt. 979\nKlockoton, AR 48954-1550', '+1-858-705-9001', 'aliyah.hartmann@swaniawski.com'),
(20, '2021-11-21 01:41:05', '2021-11-21 01:41:05', 'Justice Gaylord', 'earum', '78232 Cremin Throughway\nNorth Eldridge, HI 40125', '+1-402-953-4985', 'nfranecki@stark.biz'),
(21, '2021-11-21 01:41:05', '2021-11-21 01:41:05', 'Ms. Marcella Hintz PhD', 'nihil', '80923 Webster Valley\nCecilview, DE 32572', '+17072229563', 'bohara@lind.biz'),
(22, '2021-11-21 01:41:05', '2021-11-21 01:41:05', 'Margot Cormier', 'suscipit', '882 Rempel Well\nSouth Newton, NY 95712', '+1-585-778-8686', 'nbergnaum@hotmail.com'),
(23, '2021-11-21 01:41:05', '2021-11-21 01:41:05', 'Prof. Marcus Bartell', 'repellat', '6727 Cronin Garden Suite 267\nEast Edwardo, AR 44255-6699', '+1.303.320.0932', 'hoeger.vanessa@hotmail.com'),
(24, '2021-11-21 01:41:05', '2021-11-21 01:41:05', 'Lydia Lowe', 'corrupti', '495 Greenfelder Mountains Apt. 485\nBotown, IA 12069', '1-401-579-0016', 'gunnar93@hermann.com'),
(25, '2021-11-21 01:41:05', '2021-11-21 01:41:05', 'Tania Nolan IV', 'quis', '82504 Monroe Circle\nDestanyfurt, WV 48966', '1-920-688-5469', 'ahermiston@ullrich.com'),
(26, '2021-11-21 01:41:05', '2021-11-21 01:41:05', 'Rebecca Kiehn', 'rerum', '11137 Jerrod Crest\nIvoryshire, DC 60141', '+1 (820) 857-4027', 'xwolf@yahoo.com'),
(27, '2021-11-21 01:41:06', '2021-11-21 01:41:06', 'Mariana Sauer', 'fuga', '9174 Guadalupe Well Suite 496\nBerniershire, WV 43984', '+17132054751', 'quinten.runte@hotmail.com'),
(28, '2021-11-21 01:41:06', '2021-11-21 01:41:06', 'Prof. Tess Bauch V', 'blanditiis', '49805 Samir Fort\nEast Retha, NE 99882', '1-341-661-6242', 'briana.goyette@schaefer.biz'),
(29, '2021-11-21 01:41:06', '2021-11-21 01:41:06', 'Alexandro Mills', 'minus', '3215 Hodkiewicz Springs Suite 212\nRathside, MS 88534', '219.803.2302', 'ywaelchi@yahoo.com'),
(30, '2021-11-21 01:41:06', '2021-11-21 01:41:06', 'Janice Torp', 'omnis', '793 Claud Club Suite 055\nDibbertton, RI 54047-8919', '+17085525103', 'turcotte.anderson@weissnat.com'),
(31, '2021-11-21 01:41:06', '2021-11-21 01:41:06', 'Kali Rohan', 'velit', '4238 Kari Canyon Apt. 357\nNew Fabian, OH 15643-9405', '281.939.6342', 'ukertzmann@hotmail.com'),
(32, '2021-11-21 01:41:06', '2021-11-21 01:41:06', 'Philip Beatty I', 'atque', '73629 Cristopher Road Suite 492\nSouth Kassandra, WI 18877', '+1-480-904-2328', 'christina.dooley@hotmail.com'),
(33, '2021-11-21 01:41:06', '2021-11-21 01:41:06', 'Wade Mitchell', 'iusto', '708 Marty Points Apt. 875\nPort Nathanialburgh, ME 17301', '+1 (336) 214-2219', 'hyatt.morgan@mann.com'),
(34, '2021-11-21 01:41:06', '2021-11-21 01:41:06', 'Icie Price III', 'hic', '5609 Glennie Extensions Suite 292\nSylvesterfort, NM 45900-5430', '980.821.5253', 'ethan.miller@yahoo.com'),
(35, '2021-11-21 01:41:06', '2021-11-21 01:41:06', 'Alize VonRueden', 'ea', '4626 Klein Squares Apt. 175\nHaaghaven, PA 81506', '618.590.7463', 'filomena.mohr@yahoo.com'),
(36, '2021-11-21 01:41:06', '2021-11-21 01:41:06', 'Mr. Tre Murazik', 'error', '389 Bode Lakes Apt. 424\nMullerbury, NJ 60259', '641.858.8377', 'esta61@gmail.com'),
(37, '2021-11-21 01:41:06', '2021-11-21 01:41:06', 'Piper Trantow', 'rerum', '424 Valentina Pines Suite 531\nHalvorsonborough, NM 19796', '+1-781-527-9786', 'xreynolds@yahoo.com'),
(38, '2021-11-21 01:41:06', '2021-11-21 01:41:06', 'Dr. Archibald Schuppe', 'sequi', '5663 Green Gateway\nWest Freddieborough, MT 60010-2835', '+1.480.370.0975', 'daphnee.christiansen@yahoo.com'),
(39, '2021-11-21 01:41:06', '2021-11-21 01:41:06', 'Prof. Antonetta Kerluke', 'atque', '684 Erling Underpass\nCristinaview, NY 04755-5639', '1-904-210-8566', 'poreilly@gmail.com'),
(40, '2021-11-21 01:41:06', '2021-11-21 01:41:06', 'Mr. Sigmund Schaden MD', 'ad', '7236 Gloria Mount\nAdanview, MD 52291', '+1 (743) 728-7628', 'adams.monty@gmail.com'),
(41, '2021-11-21 01:41:06', '2021-11-21 01:41:06', 'Dr. Ignatius Kohler III', 'sed', '49396 Pollich Ranch\nLake Emory, HI 03308', '+13255506900', 'sgutmann@jacobson.com'),
(42, '2021-11-21 01:41:06', '2021-11-21 01:41:06', 'Darrin Carter', 'ipsa', '66721 Gerhold Drive Apt. 686\nConorland, KY 66213-5284', '+16699304874', 'marcelina.watsica@gmail.com'),
(43, '2021-11-21 01:41:06', '2021-11-21 01:41:06', 'Antonio Upton', 'omnis', '4608 Reuben Passage Apt. 700\nCreminshire, NC 62415', '+1-239-252-0144', 'nnitzsche@doyle.info'),
(44, '2021-11-21 01:41:06', '2021-11-21 01:41:06', 'Mr. Theron Marks', 'sapiente', '146 Kilback Haven Apt. 649\nDooleyshire, TX 39140-9124', '+1.908.279.9923', 'dina.paucek@hotmail.com'),
(45, '2021-11-21 01:41:06', '2021-11-21 01:41:06', 'Miss Muriel Ratke III', 'voluptatem', '23273 Ryleigh Meadow Suite 093\nEast Bennettmouth, NC 94155', '(754) 929-1395', 'oconner.lorena@hotmail.com'),
(46, '2021-11-21 01:41:06', '2021-11-21 01:41:06', 'Lurline Lind', 'quo', '77065 General Mill\nRolfsonstad, ME 97514', '215-383-9301', 'hermann61@jerde.info'),
(47, '2021-11-21 01:41:06', '2021-11-21 01:41:06', 'Antonio Witting I', 'sequi', '34961 Chaya Summit Suite 419\nWalshstad, MD 28980-0145', '+15595706759', 'ardith33@hotmail.com'),
(48, '2021-11-21 01:41:06', '2021-11-21 01:41:06', 'Eriberto Hintz', 'dolor', '41774 Bailey Junctions Suite 531\nGreenmouth, NE 97154', '540-304-9517', 'ejohns@erdman.com'),
(49, '2021-11-21 01:41:06', '2021-11-21 01:41:06', 'Dr. Ahmad Wuckert', 'odit', '92069 Electa Islands Apt. 052\nTatumstad, MT 29127', '+1 (860) 285-5719', 'laron.spinka@hotmail.com'),
(50, '2021-11-21 01:41:06', '2021-11-21 01:41:06', 'Javonte Homenick DVM', 'sapiente', '820 Kuhic Prairie Suite 351\nNew Geoborough, DE 81364', '+1-820-884-0119', 'vito60@yahoo.com');

-- --------------------------------------------------------

--
-- Estructura de tabla para la tabla `failed_jobs`
--

CREATE TABLE `failed_jobs` (
  `id` bigint(20) UNSIGNED NOT NULL,
  `connection` text COLLATE utf8mb4_unicode_ci NOT NULL,
  `queue` text COLLATE utf8mb4_unicode_ci NOT NULL,
  `payload` longtext COLLATE utf8mb4_unicode_ci NOT NULL,
  `exception` longtext COLLATE utf8mb4_unicode_ci NOT NULL,
  `failed_at` timestamp NOT NULL DEFAULT current_timestamp()
) ENGINE=InnoDB DEFAULT CHARSET=utf8mb4 COLLATE=utf8mb4_unicode_ci;

-- --------------------------------------------------------

--
-- Estructura de tabla para la tabla `fechas`
--

CREATE TABLE `fechas` (
  `id` bigint(20) UNSIGNED NOT NULL,
  `created_at` timestamp NULL DEFAULT NULL,
  `updated_at` timestamp NULL DEFAULT NULL,
  `fecha` date NOT NULL
) ENGINE=InnoDB DEFAULT CHARSET=utf8mb4 COLLATE=utf8mb4_unicode_ci;

-- --------------------------------------------------------

--
-- Estructura de tabla para la tabla `fechas_productos`
--

CREATE TABLE `fechas_productos` (
  `id` bigint(20) UNSIGNED NOT NULL,
  `created_at` timestamp NULL DEFAULT NULL,
  `updated_at` timestamp NULL DEFAULT NULL,
  `cantProd` decimal(8,2) NOT NULL,
  `cantDef` decimal(8,2) NOT NULL,
  `producto_id` bigint(20) UNSIGNED NOT NULL,
  `fecha_id` bigint(20) UNSIGNED NOT NULL
) ENGINE=InnoDB DEFAULT CHARSET=utf8mb4 COLLATE=utf8mb4_unicode_ci;

-- --------------------------------------------------------

--
-- Estructura de tabla para la tabla `ingredientes`
--

CREATE TABLE `ingredientes` (
  `id` bigint(20) UNSIGNED NOT NULL,
  `created_at` timestamp NULL DEFAULT NULL,
  `updated_at` timestamp NULL DEFAULT NULL,
  `nomb` varchar(255) COLLATE utf8mb4_unicode_ci NOT NULL,
  `UM` varchar(255) COLLATE utf8mb4_unicode_ci NOT NULL,
  `precio` decimal(8,2) NOT NULL,
  `precioU` decimal(8,2) NOT NULL,
  `cant` decimal(8,2) NOT NULL,
  `stock_id` bigint(20) UNSIGNED NOT NULL
) ENGINE=InnoDB DEFAULT CHARSET=utf8mb4 COLLATE=utf8mb4_unicode_ci;

--
-- Volcado de datos para la tabla `ingredientes`
--

INSERT INTO `ingredientes` (`id`, `created_at`, `updated_at`, `nomb`, `UM`, `precio`, `precioU`, `cant`, `stock_id`) VALUES
(1, '2021-11-21 01:41:10', '2021-11-21 01:41:10', 'magnam', 'minima', '62.00', '44.00', '597.00', 7),
(2, '2021-11-21 01:41:10', '2021-11-21 01:41:10', 'fugiat', 'quis', '49.00', '34.00', '402.00', 10),
(3, '2021-11-21 01:41:10', '2021-11-21 01:41:10', 'delectus', 'sed', '83.00', '99.00', '664.00', 2),
(4, '2021-11-21 01:41:10', '2021-11-21 01:41:10', 'non', 'qui', '24.00', '92.00', '169.00', 1),
(5, '2021-11-21 01:41:10', '2021-11-21 01:41:10', 'neque', 'distinctio', '58.00', '67.00', '860.00', 6),
(6, '2021-11-21 01:41:10', '2021-11-21 01:41:10', 'illum', 'ipsum', '48.00', '68.00', '708.00', 5),
(7, '2021-11-21 01:41:10', '2021-11-21 01:41:10', 'ut', 'cumque', '84.00', '25.00', '426.00', 9),
(8, '2021-11-21 01:41:10', '2021-11-21 01:41:10', 'culpa', 'corporis', '25.00', '94.00', '406.00', 1),
(9, '2021-11-21 01:41:10', '2021-11-21 01:41:10', 'est', 'eveniet', '36.00', '100.00', '792.00', 6),
(10, '2021-11-21 01:41:10', '2021-11-21 01:41:10', 'deleniti', 'placeat', '63.00', '54.00', '238.00', 2),
(11, '2021-11-21 01:41:10', '2021-11-21 01:41:10', 'saepe', 'velit', '58.00', '19.00', '770.00', 2),
(12, '2021-11-21 01:41:10', '2021-11-21 01:41:10', 'at', 'animi', '93.00', '49.00', '47.00', 1),
(13, '2021-11-21 01:41:10', '2021-11-21 01:41:10', 'atque', 'et', '29.00', '44.00', '178.00', 7),
(14, '2021-11-21 01:41:10', '2021-11-21 01:41:10', 'ea', 'aliquid', '13.00', '45.00', '655.00', 3),
(15, '2021-11-21 01:41:11', '2021-11-21 01:41:11', 'voluptatem', 'beatae', '85.00', '97.00', '735.00', 2),
(16, '2021-11-21 01:41:11', '2021-11-21 01:41:11', 'expedita', 'qui', '28.00', '50.00', '692.00', 7),
(17, '2021-11-21 01:41:11', '2021-11-21 01:41:11', 'velit', 'quod', '95.00', '83.00', '191.00', 5),
(18, '2021-11-21 01:41:11', '2021-11-21 01:41:11', 'non', 'est', '75.00', '88.00', '645.00', 3),
(19, '2021-11-21 01:41:11', '2021-11-21 01:41:11', 'sed', 'qui', '54.00', '62.00', '60.00', 9),
(20, '2021-11-21 01:41:11', '2021-11-21 01:41:11', 'neque', 'eaque', '43.00', '39.00', '617.00', 4),
(21, '2021-11-21 01:41:11', '2021-11-21 01:41:11', 'magni', 'nemo', '36.00', '51.00', '442.00', 4),
(22, '2021-11-21 01:41:11', '2021-11-21 01:41:11', 'iste', 'illum', '34.00', '22.00', '655.00', 10),
(23, '2021-11-21 01:41:11', '2021-11-21 01:41:11', 'doloribus', 'et', '84.00', '55.00', '742.00', 6),
(24, '2021-11-21 01:41:11', '2021-11-21 01:41:11', 'ut', 'qui', '27.00', '53.00', '579.00', 6),
(25, '2021-11-21 01:41:11', '2021-11-21 01:41:11', 'et', 'maiores', '96.00', '59.00', '601.00', 9),
(26, '2021-11-21 01:41:11', '2021-11-21 01:41:11', 'adipisci', 'quia', '63.00', '34.00', '542.00', 2),
(27, '2021-11-21 01:41:11', '2021-11-21 01:41:11', 'est', 'architecto', '88.00', '9.00', '165.00', 3),
(28, '2021-11-21 01:41:11', '2021-11-21 01:41:11', 'fugiat', 'animi', '57.00', '4.00', '558.00', 3),
(29, '2021-11-21 01:41:11', '2021-11-21 01:41:11', 'aut', 'vel', '52.00', '50.00', '41.00', 10),
(30, '2021-11-21 01:41:11', '2021-11-21 01:41:11', 'ut', 'necessitatibus', '46.00', '73.00', '1000.00', 10),
(31, '2021-11-21 01:41:11', '2021-11-21 01:41:11', 'consequatur', 'pariatur', '84.00', '74.00', '673.00', 3),
(32, '2021-11-21 01:41:11', '2021-11-21 01:41:11', 'eum', 'reiciendis', '93.00', '57.00', '172.00', 9),
(33, '2021-11-21 01:41:11', '2021-11-21 01:41:11', 'vel', 'natus', '13.00', '71.00', '869.00', 1),
(34, '2021-11-21 01:41:11', '2021-11-21 01:41:11', 'tempora', 'dolores', '43.00', '25.00', '968.00', 10),
(35, '2021-11-21 01:41:11', '2021-11-21 01:41:11', 'quasi', 'rerum', '64.00', '92.00', '766.00', 2),
(36, '2021-11-21 01:41:11', '2021-11-21 01:41:11', 'molestiae', 'maiores', '23.00', '39.00', '881.00', 4),
(37, '2021-11-21 01:41:11', '2021-11-21 01:41:11', 'numquam', 'voluptatem', '48.00', '51.00', '534.00', 8),
(38, '2021-11-21 01:41:11', '2021-11-21 01:41:11', 'aut', 'quam', '99.00', '59.00', '676.00', 3),
(39, '2021-11-21 01:41:11', '2021-11-21 01:41:11', 'vel', 'voluptas', '85.00', '64.00', '410.00', 3),
(40, '2021-11-21 01:41:11', '2021-11-21 01:41:11', 'consequuntur', 'alias', '36.00', '38.00', '363.00', 9),
(41, '2021-11-21 01:41:11', '2021-11-21 01:41:11', 'illo', 'eligendi', '83.00', '26.00', '808.00', 3),
(42, '2021-11-21 01:41:11', '2021-11-21 01:41:11', 'tempora', 'magni', '71.00', '71.00', '136.00', 4),
(43, '2021-11-21 01:41:11', '2021-11-21 01:41:11', 'consequuntur', 'corrupti', '33.00', '62.00', '124.00', 1),
(44, '2021-11-21 01:41:11', '2021-11-21 01:41:11', 'nostrum', 'omnis', '17.00', '100.00', '814.00', 8),
(45, '2021-11-21 01:41:11', '2021-11-21 01:41:11', 'laudantium', 'et', '39.00', '6.00', '966.00', 8),
(46, '2021-11-21 01:41:11', '2021-11-21 01:41:11', 'et', 'illum', '69.00', '16.00', '785.00', 5),
(47, '2021-11-21 01:41:11', '2021-11-21 01:41:11', 'temporibus', 'quo', '39.00', '96.00', '837.00', 7),
(48, '2021-11-21 01:41:11', '2021-11-21 01:41:11', 'corrupti', 'placeat', '28.00', '59.00', '430.00', 10),
(49, '2021-11-21 01:41:11', '2021-11-21 01:41:11', 'et', 'aut', '64.00', '41.00', '608.00', 1),
(50, '2021-11-21 01:41:12', '2021-11-21 01:41:12', 'nobis', 'aliquid', '86.00', '91.00', '865.00', 5),
(51, '2021-11-21 01:41:12', '2021-11-21 01:41:12', 'optio', 'porro', '64.00', '47.00', '977.00', 10),
(52, '2021-11-21 01:41:12', '2021-11-21 01:41:12', 'sed', 'nam', '77.00', '90.00', '751.00', 1),
(53, '2021-11-21 01:41:12', '2021-11-21 01:41:12', 'eveniet', 'dolor', '25.00', '50.00', '292.00', 4),
(54, '2021-11-21 01:41:12', '2021-11-21 01:41:12', 'est', 'facilis', '16.00', '72.00', '925.00', 4),
(55, '2021-11-21 01:41:12', '2021-11-21 01:41:12', 'autem', 'cumque', '51.00', '22.00', '510.00', 3),
(56, '2021-11-21 01:41:12', '2021-11-21 01:41:12', 'eum', 'autem', '25.00', '11.00', '776.00', 10),
(57, '2021-11-21 01:41:12', '2021-11-21 01:41:12', 'iste', 'omnis', '29.00', '64.00', '335.00', 9),
(58, '2021-11-21 01:41:12', '2021-11-21 01:41:12', 'cum', 'fuga', '58.00', '92.00', '3.00', 7),
(59, '2021-11-21 01:41:12', '2021-11-21 01:41:12', 'neque', 'nihil', '85.00', '25.00', '757.00', 4),
(60, '2021-11-21 01:41:12', '2021-11-21 01:41:12', 'molestiae', 'eveniet', '27.00', '98.00', '254.00', 6),
(61, '2021-11-21 01:41:12', '2021-11-21 01:41:12', 'voluptas', 'consequatur', '53.00', '19.00', '791.00', 8),
(62, '2021-11-21 01:41:12', '2021-11-21 01:41:12', 'aut', 'expedita', '25.00', '19.00', '553.00', 8),
(63, '2021-11-21 01:41:12', '2021-11-21 01:41:12', 'eum', 'aut', '14.00', '81.00', '731.00', 1),
(64, '2021-11-21 01:41:12', '2021-11-21 01:41:12', 'corrupti', 'voluptatibus', '54.00', '91.00', '431.00', 4),
(65, '2021-11-21 01:41:12', '2021-11-21 01:41:12', 'eaque', 'dicta', '55.00', '67.00', '267.00', 6),
(66, '2021-11-21 01:41:12', '2021-11-21 01:41:12', 'eveniet', 'aut', '53.00', '75.00', '44.00', 10),
(67, '2021-11-21 01:41:12', '2021-11-21 01:41:12', 'tempora', 'dolorem', '89.00', '11.00', '9.00', 9),
(68, '2021-11-21 01:41:12', '2021-11-21 01:41:12', 'animi', 'sed', '55.00', '36.00', '571.00', 9),
(69, '2021-11-21 01:41:12', '2021-11-21 01:41:12', 'pariatur', 'repellendus', '21.00', '61.00', '636.00', 5),
(70, '2021-11-21 01:41:12', '2021-11-21 01:41:12', 'rerum', 'maxime', '70.00', '60.00', '913.00', 5),
(71, '2021-11-21 01:41:12', '2021-11-21 01:41:12', 'nesciunt', 'suscipit', '90.00', '26.00', '377.00', 3),
(72, '2021-11-21 01:41:12', '2021-11-21 01:41:12', 'occaecati', 'sunt', '51.00', '16.00', '870.00', 4),
(73, '2021-11-21 01:41:12', '2021-11-21 01:41:12', 'quae', 'et', '46.00', '25.00', '974.00', 1),
(74, '2021-11-21 01:41:12', '2021-11-21 01:41:12', 'corporis', 'modi', '87.00', '59.00', '493.00', 9),
(75, '2021-11-21 01:41:12', '2021-11-21 01:41:12', 'maiores', 'corrupti', '78.00', '93.00', '604.00', 3),
(76, '2021-11-21 01:41:12', '2021-11-21 01:41:12', 'quibusdam', 'et', '95.00', '38.00', '432.00', 4),
(77, '2021-11-21 01:41:12', '2021-11-21 01:41:12', 'dolorem', 'consequatur', '100.00', '38.00', '200.00', 6),
(78, '2021-11-21 01:41:13', '2021-11-21 01:41:13', 'et', 'vel', '63.00', '64.00', '227.00', 6),
(79, '2021-11-21 01:41:13', '2021-11-21 01:41:13', 'quia', 'reprehenderit', '46.00', '62.00', '233.00', 10),
(80, '2021-11-21 01:41:13', '2021-11-21 01:41:13', 'quisquam', 'blanditiis', '57.00', '49.00', '965.00', 1),
(81, '2021-11-21 01:41:13', '2021-11-21 01:41:13', 'debitis', 'officia', '61.00', '81.00', '429.00', 8),
(82, '2021-11-21 01:41:13', '2021-11-21 01:41:13', 'aspernatur', 'recusandae', '37.00', '96.00', '112.00', 5),
(83, '2021-11-21 01:41:13', '2021-11-21 01:41:13', 'est', 'similique', '88.00', '41.00', '999.00', 6),
(84, '2021-11-21 01:41:13', '2021-11-21 01:41:13', 'perferendis', 'at', '19.00', '62.00', '653.00', 4),
(85, '2021-11-21 01:41:13', '2021-11-21 01:41:13', 'dolores', 'quidem', '79.00', '92.00', '238.00', 3),
(86, '2021-11-21 01:41:13', '2021-11-21 01:41:13', 'eum', 'sint', '77.00', '33.00', '44.00', 4),
(87, '2021-11-21 01:41:13', '2021-11-21 01:41:13', 'adipisci', 'laboriosam', '22.00', '2.00', '3.00', 2),
(88, '2021-11-21 01:41:13', '2021-11-21 01:41:13', 'illum', 'autem', '86.00', '21.00', '128.00', 3),
(89, '2021-11-21 01:41:13', '2021-11-21 01:41:13', 'tenetur', 'aut', '46.00', '94.00', '388.00', 4),
(90, '2021-11-21 01:41:13', '2021-11-21 01:41:13', 'soluta', 'ad', '54.00', '11.00', '30.00', 9),
(91, '2021-11-21 01:41:13', '2021-11-21 01:41:13', 'aut', 'magni', '75.00', '56.00', '124.00', 10),
(92, '2021-11-21 01:41:13', '2021-11-21 01:41:13', 'esse', 'aspernatur', '22.00', '96.00', '920.00', 5),
(93, '2021-11-21 01:41:13', '2021-11-21 01:41:13', 'molestiae', 'numquam', '81.00', '43.00', '225.00', 9),
(94, '2021-11-21 01:41:13', '2021-11-21 01:41:13', 'delectus', 'recusandae', '13.00', '24.00', '918.00', 5),
(95, '2021-11-21 01:41:13', '2021-11-21 01:41:13', 'facere', 'aut', '37.00', '5.00', '210.00', 9),
(96, '2021-11-21 01:41:13', '2021-11-21 01:41:13', 'atque', 'ipsam', '83.00', '20.00', '627.00', 6),
(97, '2021-11-21 01:41:13', '2021-11-21 01:41:13', 'nisi', 'distinctio', '47.00', '53.00', '987.00', 6),
(98, '2021-11-21 01:41:13', '2021-11-21 01:41:13', 'odit', 'impedit', '94.00', '23.00', '600.00', 4),
(99, '2021-11-21 01:41:13', '2021-11-21 01:41:13', 'culpa', 'dolor', '79.00', '57.00', '13.00', 4),
(100, '2021-11-21 01:41:13', '2021-11-21 01:41:13', 'earum', 'quaerat', '68.00', '25.00', '258.00', 7),
(101, '2021-11-21 01:41:14', '2021-11-21 01:41:14', 'Azúcar', 'Gramos (g)', '15.00', '0.02', '1000.00', 1);

-- --------------------------------------------------------

--
-- Estructura de tabla para la tabla `ingredientes_recetas`
--

CREATE TABLE `ingredientes_recetas` (
  `id` bigint(20) UNSIGNED NOT NULL,
  `created_at` timestamp NULL DEFAULT NULL,
  `updated_at` timestamp NULL DEFAULT NULL,
  `precio` decimal(8,2) NOT NULL,
  `cant` decimal(8,2) NOT NULL,
  `ingrediente_id` bigint(20) UNSIGNED NOT NULL,
  `receta_id` bigint(20) UNSIGNED NOT NULL
) ENGINE=InnoDB DEFAULT CHARSET=utf8mb4 COLLATE=utf8mb4_unicode_ci;

--
-- Volcado de datos para la tabla `ingredientes_recetas`
--

INSERT INTO `ingredientes_recetas` (`id`, `created_at`, `updated_at`, `precio`, `cant`, `ingrediente_id`, `receta_id`) VALUES
(1, '2021-11-21 01:41:20', '2021-11-21 01:41:20', '116.00', '900.00', 44, 55),
(2, '2021-11-21 01:41:20', '2021-11-21 01:41:20', '33.00', '276.00', 8, 1),
(3, '2021-11-21 01:41:20', '2021-11-21 01:41:20', '120.00', '630.00', 78, 55),
(4, '2021-11-21 01:41:20', '2021-11-21 01:41:20', '167.00', '550.00', 47, 92),
(5, '2021-11-21 01:41:20', '2021-11-21 01:41:20', '71.00', '900.00', 41, 80),
(6, '2021-11-21 01:41:20', '2021-11-21 01:41:20', '67.00', '729.00', 12, 80),
(7, '2021-11-21 01:41:20', '2021-11-21 01:41:20', '52.00', '673.00', 40, 71),
(8, '2021-11-21 01:41:20', '2021-11-21 01:41:20', '57.00', '958.00', 34, 23),
(9, '2021-11-21 01:41:20', '2021-11-21 01:41:20', '72.00', '735.00', 56, 69),
(10, '2021-11-21 01:41:21', '2021-11-21 01:41:21', '102.00', '641.00', 87, 21),
(11, '2021-11-21 01:41:21', '2021-11-21 01:41:21', '5.00', '905.00', 11, 18),
(12, '2021-11-21 01:41:21', '2021-11-21 01:41:21', '6.00', '386.00', 61, 2),
(13, '2021-11-21 01:41:21', '2021-11-21 01:41:21', '122.00', '787.00', 53, 16),
(14, '2021-11-21 01:41:21', '2021-11-21 01:41:21', '123.00', '662.00', 38, 43),
(15, '2021-11-21 01:41:21', '2021-11-21 01:41:21', '119.00', '906.00', 35, 57),
(16, '2021-11-21 01:41:21', '2021-11-21 01:41:21', '180.00', '911.00', 35, 77),
(17, '2021-11-21 01:41:21', '2021-11-21 01:41:21', '73.00', '651.00', 56, 98),
(18, '2021-11-21 01:41:21', '2021-11-21 01:41:21', '28.00', '587.00', 8, 2),
(19, '2021-11-21 01:41:21', '2021-11-21 01:41:21', '148.00', '317.00', 46, 68),
(20, '2021-11-21 01:41:21', '2021-11-21 01:41:21', '129.00', '808.00', 35, 57),
(21, '2021-11-21 01:41:21', '2021-11-21 01:41:21', '114.00', '814.00', 3, 30),
(22, '2021-11-21 01:41:21', '2021-11-21 01:41:21', '82.00', '784.00', 40, 3),
(23, '2021-11-21 01:41:21', '2021-11-21 01:41:21', '120.00', '2.00', 95, 86),
(24, '2021-11-21 01:41:21', '2021-11-21 01:41:21', '106.00', '253.00', 15, 79),
(25, '2021-11-21 01:41:21', '2021-11-21 01:41:21', '139.00', '457.00', 24, 5),
(26, '2021-11-21 01:41:21', '2021-11-21 01:41:21', '133.00', '143.00', 13, 8),
(27, '2021-11-21 01:41:21', '2021-11-21 01:41:21', '59.00', '602.00', 44, 35),
(28, '2021-11-21 01:41:21', '2021-11-21 01:41:21', '92.00', '178.00', 24, 13),
(29, '2021-11-21 01:41:21', '2021-11-21 01:41:21', '178.00', '763.00', 73, 41),
(30, '2021-11-21 01:41:21', '2021-11-21 01:41:21', '78.00', '558.00', 7, 22),
(31, '2021-11-21 01:41:21', '2021-11-21 01:41:21', '15.00', '178.00', 69, 58),
(32, '2021-11-21 01:41:21', '2021-11-21 01:41:21', '71.00', '456.00', 75, 73),
(33, '2021-11-21 01:41:21', '2021-11-21 01:41:21', '200.00', '389.00', 35, 97),
(34, '2021-11-21 01:41:21', '2021-11-21 01:41:21', '194.00', '742.00', 46, 45),
(35, '2021-11-21 01:41:21', '2021-11-21 01:41:21', '109.00', '127.00', 4, 32),
(36, '2021-11-21 01:41:21', '2021-11-21 01:41:21', '118.00', '269.00', 94, 47),
(37, '2021-11-21 01:41:21', '2021-11-21 01:41:21', '116.00', '586.00', 55, 77),
(38, '2021-11-21 01:41:21', '2021-11-21 01:41:21', '117.00', '923.00', 44, 42),
(39, '2021-11-21 01:41:21', '2021-11-21 01:41:21', '110.00', '460.00', 65, 51),
(40, '2021-11-21 01:41:21', '2021-11-21 01:41:21', '22.00', '306.00', 81, 47),
(41, '2021-11-21 01:41:21', '2021-11-21 01:41:21', '189.00', '3.00', 59, 83),
(42, '2021-11-21 01:41:21', '2021-11-21 01:41:21', '89.00', '27.00', 41, 52),
(43, '2021-11-21 01:41:22', '2021-11-21 01:41:22', '56.00', '940.00', 66, 66),
(44, '2021-11-21 01:41:22', '2021-11-21 01:41:22', '181.00', '519.00', 31, 71),
(45, '2021-11-21 01:41:22', '2021-11-21 01:41:22', '194.00', '845.00', 52, 34),
(46, '2021-11-21 01:41:22', '2021-11-21 01:41:22', '31.00', '763.00', 5, 17),
(47, '2021-11-21 01:41:22', '2021-11-21 01:41:22', '121.00', '986.00', 99, 44),
(48, '2021-11-21 01:41:22', '2021-11-21 01:41:22', '86.00', '941.00', 76, 88),
(49, '2021-11-21 01:41:22', '2021-11-21 01:41:22', '144.00', '555.00', 42, 41),
(50, '2021-11-21 01:41:22', '2021-11-21 01:41:22', '8.00', '336.00', 25, 35),
(51, '2021-11-21 01:41:22', '2021-11-21 01:41:22', '81.00', '750.00', 1, 15),
(52, '2021-11-21 01:41:22', '2021-11-21 01:41:22', '133.00', '210.00', 36, 64),
(53, '2021-11-21 01:41:22', '2021-11-21 01:41:22', '128.00', '302.00', 62, 89),
(54, '2021-11-21 01:41:22', '2021-11-21 01:41:22', '56.00', '797.00', 12, 63),
(55, '2021-11-21 01:41:22', '2021-11-21 01:41:22', '122.00', '435.00', 39, 30),
(56, '2021-11-21 01:41:22', '2021-11-21 01:41:22', '32.00', '324.00', 56, 17),
(57, '2021-11-21 01:41:22', '2021-11-21 01:41:22', '78.00', '34.00', 92, 80),
(58, '2021-11-21 01:41:22', '2021-11-21 01:41:22', '124.00', '409.00', 42, 12),
(59, '2021-11-21 01:41:22', '2021-11-21 01:41:22', '121.00', '45.00', 50, 10),
(60, '2021-11-21 01:41:22', '2021-11-21 01:41:22', '191.00', '963.00', 74, 52),
(61, '2021-11-21 01:41:22', '2021-11-21 01:41:22', '34.00', '131.00', 13, 26),
(62, '2021-11-21 01:41:22', '2021-11-21 01:41:22', '184.00', '779.00', 24, 60),
(63, '2021-11-21 01:41:22', '2021-11-21 01:41:22', '161.00', '662.00', 3, 6),
(64, '2021-11-21 01:41:22', '2021-11-21 01:41:22', '118.00', '49.00', 16, 99),
(65, '2021-11-21 01:41:22', '2021-11-21 01:41:22', '27.00', '837.00', 96, 45),
(66, '2021-11-21 01:41:22', '2021-11-21 01:41:22', '181.00', '111.00', 99, 84),
(67, '2021-11-21 01:41:22', '2021-11-21 01:41:22', '78.00', '534.00', 21, 75),
(68, '2021-11-21 01:41:23', '2021-11-21 01:41:23', '132.00', '36.00', 100, 33),
(69, '2021-11-21 01:41:23', '2021-11-21 01:41:23', '189.00', '311.00', 14, 7),
(70, '2021-11-21 01:41:23', '2021-11-21 01:41:23', '125.00', '568.00', 73, 40),
(71, '2021-11-21 01:41:23', '2021-11-21 01:41:23', '51.00', '409.00', 7, 42),
(72, '2021-11-21 01:41:23', '2021-11-21 01:41:23', '145.00', '634.00', 68, 43),
(73, '2021-11-21 01:41:23', '2021-11-21 01:41:23', '165.00', '32.00', 89, 71),
(74, '2021-11-21 01:41:23', '2021-11-21 01:41:23', '177.00', '694.00', 66, 96),
(75, '2021-11-21 01:41:23', '2021-11-21 01:41:23', '37.00', '336.00', 50, 39),
(76, '2021-11-21 01:41:23', '2021-11-21 01:41:23', '10.00', '396.00', 71, 60),
(77, '2021-11-21 01:41:23', '2021-11-21 01:41:23', '179.00', '324.00', 80, 14),
(78, '2021-11-21 01:41:23', '2021-11-21 01:41:23', '52.00', '935.00', 61, 70),
(79, '2021-11-21 01:41:23', '2021-11-21 01:41:23', '69.00', '379.00', 91, 14),
(80, '2021-11-21 01:41:23', '2021-11-21 01:41:23', '158.00', '867.00', 41, 65),
(81, '2021-11-21 01:41:23', '2021-11-21 01:41:23', '61.00', '390.00', 60, 22),
(82, '2021-11-21 01:41:23', '2021-11-21 01:41:23', '117.00', '790.00', 46, 78),
(83, '2021-11-21 01:41:23', '2021-11-21 01:41:23', '147.00', '297.00', 3, 98),
(84, '2021-11-21 01:41:23', '2021-11-21 01:41:23', '77.00', '625.00', 6, 52),
(85, '2021-11-21 01:41:23', '2021-11-21 01:41:23', '96.00', '565.00', 20, 98),
(86, '2021-11-21 01:41:23', '2021-11-21 01:41:23', '171.00', '87.00', 61, 20),
(87, '2021-11-21 01:41:23', '2021-11-21 01:41:23', '21.00', '457.00', 28, 74),
(88, '2021-11-21 01:41:23', '2021-11-21 01:41:23', '64.00', '405.00', 33, 2),
(89, '2021-11-21 01:41:23', '2021-11-21 01:41:23', '53.00', '451.00', 42, 46),
(90, '2021-11-21 01:41:23', '2021-11-21 01:41:23', '27.00', '933.00', 96, 13),
(91, '2021-11-21 01:41:23', '2021-11-21 01:41:23', '13.00', '207.00', 15, 83),
(92, '2021-11-21 01:41:24', '2021-11-21 01:41:24', '23.00', '579.00', 76, 72),
(93, '2021-11-21 01:41:24', '2021-11-21 01:41:24', '187.00', '766.00', 36, 78),
(94, '2021-11-21 01:41:24', '2021-11-21 01:41:24', '100.00', '735.00', 19, 75),
(95, '2021-11-21 01:41:24', '2021-11-21 01:41:24', '197.00', '712.00', 34, 13),
(96, '2021-11-21 01:41:24', '2021-11-21 01:41:24', '171.00', '920.00', 85, 96),
(97, '2021-11-21 01:41:24', '2021-11-21 01:41:24', '9.00', '211.00', 36, 72),
(98, '2021-11-21 01:41:24', '2021-11-21 01:41:24', '79.00', '137.00', 17, 21),
(99, '2021-11-21 01:41:24', '2021-11-21 01:41:24', '16.00', '441.00', 46, 71),
(100, '2021-11-21 01:41:24', '2021-11-21 01:41:24', '17.00', '143.00', 7, 67);

-- --------------------------------------------------------

--
-- Estructura de tabla para la tabla `migrations`
--

CREATE TABLE `migrations` (
  `id` int(10) UNSIGNED NOT NULL,
  `migration` varchar(255) COLLATE utf8mb4_unicode_ci NOT NULL,
  `batch` int(11) NOT NULL
) ENGINE=InnoDB DEFAULT CHARSET=utf8mb4 COLLATE=utf8mb4_unicode_ci;

--
-- Volcado de datos para la tabla `migrations`
--

INSERT INTO `migrations` (`id`, `migration`, `batch`) VALUES
(1, '2005_01_01_085454_create_clientes_table', 1),
(2, '2005_01_01_085527_create_categorias_table', 1),
(3, '2005_01_01_085604_create_pasteleros_table', 1),
(4, '2005_01_01_085620_create_pedidos_table', 1),
(5, '2005_01_01_085651_create_productos_table', 1),
(6, '2005_01_01_085746_create_recetas_table', 1),
(7, '2005_01_01_085826_create_ingredientes_table', 1),
(8, '2005_01_01_085940_create_stocks_table', 1),
(9, '2005_01_01_090546_create_fechas_table', 1),
(10, '2014_10_12_000000_create_users_table', 1),
(11, '2014_10_12_100000_create_password_resets_table', 1),
(12, '2019_08_19_000000_create_failed_jobs_table', 1),
(13, '2021_11_11_003316_create_pedido_producto_pivot_table', 1),
(14, '2021_11_11_003442_create_fecha_prod_pivot_table', 1),
(15, '2021_11_11_012216_create_ingrediente_receta_pivot_table', 1);

-- --------------------------------------------------------

--
-- Estructura de tabla para la tabla `password_resets`
--

CREATE TABLE `password_resets` (
  `email` varchar(255) COLLATE utf8mb4_unicode_ci NOT NULL,
  `token` varchar(255) COLLATE utf8mb4_unicode_ci NOT NULL,
  `created_at` timestamp NULL DEFAULT NULL
) ENGINE=InnoDB DEFAULT CHARSET=utf8mb4 COLLATE=utf8mb4_unicode_ci;

-- --------------------------------------------------------

--
-- Estructura de tabla para la tabla `pasteleros`
--

CREATE TABLE `pasteleros` (
  `id` bigint(20) UNSIGNED NOT NULL,
  `created_at` timestamp NULL DEFAULT NULL,
  `updated_at` timestamp NULL DEFAULT NULL,
  `CI` varchar(255) COLLATE utf8mb4_unicode_ci NOT NULL,
  `nomb` varchar(255) COLLATE utf8mb4_unicode_ci NOT NULL,
  `categoria_id` bigint(20) UNSIGNED NOT NULL
) ENGINE=InnoDB DEFAULT CHARSET=utf8mb4 COLLATE=utf8mb4_unicode_ci;

--
-- Volcado de datos para la tabla `pasteleros`
--

INSERT INTO `pasteleros` (`id`, `created_at`, `updated_at`, `CI`, `nomb`, `categoria_id`) VALUES
(1, '2021-11-21 01:41:14', '2021-11-21 01:41:14', 'tempora', 'Mekhi Gusikowski IV', 2),
(2, '2021-11-21 01:41:14', '2021-11-21 01:41:14', 'eum', 'Melany Marks', 3),
(3, '2021-11-21 01:41:14', '2021-11-21 01:41:14', 'eius', 'Bruce Parisian', 1),
(4, '2021-11-21 01:41:15', '2021-11-21 01:41:15', 'aliquid', 'Kenny Hartmann PhD', 3),
(5, '2021-11-21 01:41:15', '2021-11-21 01:41:15', 'dicta', 'Keagan Gleichner', 3),
(6, '2021-11-21 01:41:15', '2021-11-21 01:41:15', 'labore', 'Miss Lizeth Jacobi DVM', 2),
(7, '2021-11-21 01:41:15', '2021-11-21 01:41:15', 'ratione', 'Autumn Gulgowski', 3),
(8, '2021-11-21 01:41:15', '2021-11-21 01:41:15', 'sed', 'Kaley Bayer', 3),
(9, '2021-11-21 01:41:15', '2021-11-21 01:41:15', 'et', 'Shanelle Towne', 1),
(10, '2021-11-21 01:41:15', '2021-11-21 01:41:15', 'qui', 'Jamarcus McLaughlin IV', 3);

-- --------------------------------------------------------

--
-- Estructura de tabla para la tabla `pedidos`
--

CREATE TABLE `pedidos` (
  `id` bigint(20) UNSIGNED NOT NULL,
  `created_at` timestamp NULL DEFAULT NULL,
  `updated_at` timestamp NULL DEFAULT NULL,
  `fecha` date NOT NULL,
  `fechaEmp` date NOT NULL,
  `dir` varchar(255) COLLATE utf8mb4_unicode_ci NOT NULL,
  `precio` decimal(8,2) NOT NULL,
  `hrEmp` time NOT NULL,
  `pastelero_id` bigint(20) UNSIGNED NOT NULL,
  `cliente_id` bigint(20) UNSIGNED NOT NULL
) ENGINE=InnoDB DEFAULT CHARSET=utf8mb4 COLLATE=utf8mb4_unicode_ci;

--
-- Volcado de datos para la tabla `pedidos`
--

INSERT INTO `pedidos` (`id`, `created_at`, `updated_at`, `fecha`, `fechaEmp`, `dir`, `precio`, `hrEmp`, `pastelero_id`, `cliente_id`) VALUES
(1, '2021-11-21 01:41:15', '2021-11-21 01:41:15', '2008-07-24', '2020-05-01', '8980 Herman Summit\nPort Virgieton, KS 77800', '392.00', '22:02:11', 2, 31),
(2, '2021-11-21 01:41:15', '2021-11-21 01:41:15', '2001-04-09', '1991-08-24', '6490 Feeney Lodge\nDaughertychester, PA 72609-2633', '348.00', '16:26:42', 6, 12),
(3, '2021-11-21 01:41:15', '2021-11-21 01:41:15', '1996-09-28', '2001-05-04', '10619 Eric Lakes Apt. 940\nNorth Brittanyfurt, OR 16857', '394.00', '20:22:09', 8, 7),
(4, '2021-11-21 01:41:15', '2021-11-21 01:41:15', '1999-06-04', '2021-02-25', '8406 Jenkins Rapid Suite 141\nLockmanland, NV 96171', '304.00', '00:02:05', 2, 7),
(5, '2021-11-21 01:41:15', '2021-11-21 01:41:15', '1970-12-05', '1981-11-06', '4421 Narciso Fort Apt. 422\nMicaelamouth, IL 18559-9480', '369.00', '20:35:48', 2, 43),
(6, '2021-11-21 01:41:15', '2021-11-21 01:41:15', '2014-01-10', '2013-05-26', '7823 Mertz Point Suite 377\nBednarport, AZ 77935-5893', '436.00', '01:20:18', 9, 49),
(7, '2021-11-21 01:41:15', '2021-11-21 01:41:15', '1971-09-02', '2004-05-25', '23485 Prosacco Port\nEast Autumn, MO 79873-7761', '390.00', '01:24:58', 1, 35),
(8, '2021-11-21 01:41:15', '2021-11-21 01:41:15', '2002-05-14', '1970-09-10', '5461 Kenneth Place Apt. 358\nWest Velva, LA 81045', '288.00', '20:01:26', 2, 14),
(9, '2021-11-21 01:41:15', '2021-11-21 01:41:15', '1980-04-05', '2015-02-16', '28396 Stanton Mountains Suite 903\nSouth Wilburnburgh, UT 40261', '218.00', '23:06:08', 2, 7),
(10, '2021-11-21 01:41:15', '2021-11-21 01:41:15', '2002-01-29', '2021-07-05', '85387 Goldner Camp Apt. 654\nMolliebury, DC 59660-7822', '422.00', '16:21:42', 5, 50),
(11, '2021-11-21 01:41:15', '2021-11-21 01:41:15', '1979-01-25', '1981-09-06', '581 Kelli Falls Apt. 980\nSouth Misty, DE 99874', '271.00', '02:23:16', 5, 30),
(12, '2021-11-21 01:41:15', '2021-11-21 01:41:15', '2002-02-13', '1997-07-02', '21380 Art Ville\nLake Dixie, MA 03622-7484', '121.00', '05:05:24', 3, 2),
(13, '2021-11-21 01:41:15', '2021-11-21 01:41:15', '2006-02-13', '1978-09-28', '35091 Cartwright Knoll\nYostville, CA 25824', '319.00', '12:53:28', 9, 22),
(14, '2021-11-21 01:41:15', '2021-11-21 01:41:15', '2020-03-02', '2002-07-24', '182 Roberts Center\nTonyborough, IL 78794', '238.00', '10:07:24', 9, 30),
(15, '2021-11-21 01:41:16', '2021-11-21 01:41:16', '1972-03-14', '2005-08-09', '20668 Vernie Light\nParisfort, WA 38944-5310', '425.00', '08:55:02', 1, 36),
(16, '2021-11-21 01:41:16', '2021-11-21 01:41:16', '1998-09-17', '1999-05-03', '1714 Clair Tunnel Apt. 894\nSouth Trevafurt, SC 87490', '207.00', '02:58:51', 4, 31),
(17, '2021-11-21 01:41:16', '2021-11-21 01:41:16', '1985-06-30', '1986-05-08', '4580 Cormier Stravenue\nEmmerichhaven, AZ 07722', '191.00', '10:23:21', 5, 24),
(18, '2021-11-21 01:41:16', '2021-11-21 01:41:16', '1998-08-31', '1980-07-29', '946 Klocko Ways\nEast Elyssa, LA 28608-8260', '389.00', '01:56:11', 10, 32),
(19, '2021-11-21 01:41:16', '2021-11-21 01:41:16', '1980-09-06', '2012-04-26', '894 Keagan Mission Suite 924\nNorth Eryn, CT 36186', '482.00', '02:52:11', 1, 40),
(20, '2021-11-21 01:41:16', '2021-11-21 01:41:16', '1970-04-29', '1981-10-04', '740 Predovic Ramp\nRempelborough, GA 69778-7067', '390.00', '04:10:31', 10, 11),
(21, '2021-11-21 01:41:16', '2021-11-21 01:41:16', '1995-12-08', '2010-09-07', '30144 Arden Land\nLake Hershelville, DE 41454', '393.00', '10:32:39', 5, 46),
(22, '2021-11-21 01:41:16', '2021-11-21 01:41:16', '2011-12-05', '1977-06-24', '22917 Kohler Station\nErdmanborough, OH 00897', '129.00', '05:57:17', 1, 32),
(23, '2021-11-21 01:41:16', '2021-11-21 01:41:16', '1992-01-12', '1994-12-07', '23191 Parisian Inlet Apt. 870\nLewfort, TN 58947', '411.00', '10:25:08', 3, 22),
(24, '2021-11-21 01:41:17', '2021-11-21 01:41:17', '1990-03-05', '1971-03-01', '1296 Hermann Groves\nChelseastad, AL 33528-5430', '392.00', '13:40:09', 2, 46),
(25, '2021-11-21 01:41:17', '2021-11-21 01:41:17', '2015-10-05', '1972-02-10', '19446 Ulises Isle\nEnolafort, IA 56159', '233.00', '00:34:52', 5, 22),
(26, '2021-11-21 01:41:17', '2021-11-21 01:41:17', '1978-03-31', '1991-12-04', '853 Dylan Causeway Suite 646\nKerlukechester, LA 26581-3700', '101.00', '11:22:58', 6, 14),
(27, '2021-11-21 01:41:17', '2021-11-21 01:41:17', '2000-01-03', '1971-01-29', '1082 Prosacco Key Apt. 522\nPort Sally, NE 67507-7165', '274.00', '12:00:15', 6, 48),
(28, '2021-11-21 01:41:17', '2021-11-21 01:41:17', '1970-08-26', '1970-03-19', '12536 Schmitt Summit\nWest Eugenia, PA 61341-1771', '494.00', '15:30:48', 2, 6),
(29, '2021-11-21 01:41:17', '2021-11-21 01:41:17', '1979-10-29', '2008-07-23', '431 Reichert Creek\nJacintotown, IA 31081', '323.00', '02:49:19', 7, 33),
(30, '2021-11-21 01:41:17', '2021-11-21 01:41:17', '1980-08-06', '1972-07-17', '385 Torp Orchard\nLillianaburgh, WV 87692', '124.00', '06:07:16', 8, 38),
(31, '2021-11-21 01:41:17', '2021-11-21 01:41:17', '1993-11-05', '2013-08-24', '36880 Casper Shoals\nMcDermottland, FL 03139', '243.00', '06:31:14', 9, 14),
(32, '2021-11-21 01:41:17', '2021-11-21 01:41:17', '1980-01-29', '1987-11-06', '151 Jordane Field\nLake Martine, OH 42953-5219', '120.00', '18:10:51', 9, 48),
(33, '2021-11-21 01:41:17', '2021-11-21 01:41:17', '1975-07-31', '1981-10-04', '12295 Lilian Isle Apt. 800\nLurlinehaven, DE 15476', '283.00', '02:56:39', 6, 50),
(34, '2021-11-21 01:41:17', '2021-11-21 01:41:17', '1983-01-02', '2014-07-20', '92450 Mireille Highway\nEast Elenorchester, HI 79561', '153.00', '20:59:35', 8, 14),
(35, '2021-11-21 01:41:17', '2021-11-21 01:41:17', '2005-06-28', '2001-01-07', '228 Jordan Skyway Apt. 515\nFloville, UT 67993', '457.00', '22:42:18', 4, 30),
(36, '2021-11-21 01:41:17', '2021-11-21 01:41:17', '2018-07-31', '1997-09-22', '15778 Brekke Underpass\nWest Emanuelberg, MD 68767', '220.00', '18:12:06', 9, 50),
(37, '2021-11-21 01:41:17', '2021-11-21 01:41:17', '1986-09-13', '2014-11-04', '1455 Fahey Gateway Suite 035\nEast Cloydport, OK 50211-7805', '425.00', '07:22:03', 8, 25),
(38, '2021-11-21 01:41:17', '2021-11-21 01:41:17', '2016-07-16', '1997-06-15', '659 Smitham Shore Suite 422\nCamrynfort, RI 62723-7254', '128.00', '10:53:53', 6, 35),
(39, '2021-11-21 01:41:17', '2021-11-21 01:41:17', '2011-12-03', '2008-02-22', '927 Rebekah Plain Suite 028\nSouth Tremayneport, MO 09345', '446.00', '02:49:30', 9, 34),
(40, '2021-11-21 01:41:17', '2021-11-21 01:41:17', '1975-03-12', '1986-03-09', '33606 Amber Forge\nSouth Odie, LA 04066-4378', '422.00', '17:34:20', 10, 21),
(41, '2021-11-21 01:41:18', '2021-11-21 01:41:18', '1986-05-11', '1994-08-08', '9856 Barton Wells Apt. 466\nAlbertaport, NV 79988-0452', '404.00', '14:22:23', 8, 17),
(42, '2021-11-21 01:41:18', '2021-11-21 01:41:18', '1988-08-18', '2004-08-02', '159 Mellie Pines\nNikolausbury, LA 78576', '415.00', '01:33:58', 3, 47),
(43, '2021-11-21 01:41:18', '2021-11-21 01:41:18', '2015-11-30', '2016-12-14', '6148 Fadel Isle\nWillastad, ME 28765-5849', '212.00', '04:21:02', 6, 27),
(44, '2021-11-21 01:41:18', '2021-11-21 01:41:18', '2013-11-21', '1996-01-09', '83843 Domenica Mount\nMillertown, SC 99720', '458.00', '11:50:34', 9, 39),
(45, '2021-11-21 01:41:18', '2021-11-21 01:41:18', '1978-12-26', '1993-08-31', '734 Camden Station\nLake Luz, AL 27673-9098', '303.00', '07:13:42', 8, 21),
(46, '2021-11-21 01:41:18', '2021-11-21 01:41:18', '1986-07-17', '1980-03-13', '84583 Jessie Pike Suite 607\nNorvalbury, MT 95333', '184.00', '06:39:54', 7, 45),
(47, '2021-11-21 01:41:18', '2021-11-21 01:41:18', '1972-11-05', '1994-07-27', '2537 Harber Isle Suite 155\nRahsaanberg, CO 62648-3625', '220.00', '20:19:34', 8, 50),
(48, '2021-11-21 01:41:18', '2021-11-21 01:41:18', '2002-07-08', '1976-12-17', '80667 Kendrick Hollow Suite 953\nNew Lonnieside, AK 99239-2450', '418.00', '08:55:55', 9, 4),
(49, '2021-11-21 01:41:18', '2021-11-21 01:41:18', '2001-08-31', '2010-01-27', '45885 Zackary Wall\nJessikaport, NC 11995', '204.00', '20:05:51', 4, 42),
(50, '2021-11-21 01:41:18', '2021-11-21 01:41:18', '1995-07-26', '2012-12-07', '16644 Bradley Freeway Apt. 927\nNew Noestad, WA 12804-2579', '479.00', '15:26:20', 4, 10),
(51, '2021-11-21 01:41:18', '2021-11-21 01:41:18', '1992-10-19', '1992-10-22', '9184 Grant Park Suite 356\nAdolfobury, AR 02583-5041', '106.00', '21:36:02', 3, 2),
(52, '2021-11-21 01:41:18', '2021-11-21 01:41:18', '2007-06-17', '1976-02-04', '2284 Chelsie Forest Apt. 782\nAmericoland, AL 53810', '456.00', '00:55:07', 6, 2),
(53, '2021-11-21 01:41:18', '2021-11-21 01:41:18', '2001-01-19', '1990-11-27', '3981 Legros Manor\nEast Percymouth, MN 40152', '137.00', '10:59:05', 7, 11),
(54, '2021-11-21 01:41:18', '2021-11-21 01:41:18', '2009-01-18', '2017-03-03', '5260 Hintz Spring\nHeathcoteland, NV 49988', '108.00', '09:03:03', 5, 49),
(55, '2021-11-21 01:41:18', '2021-11-21 01:41:18', '1991-10-04', '2010-06-26', '3990 Augustine Lane\nPort Breana, NJ 66582', '346.00', '03:00:52', 2, 14),
(56, '2021-11-21 01:41:18', '2021-11-21 01:41:18', '1970-08-02', '2003-07-31', '586 Lehner Prairie Suite 124\nLake Zoilaside, DC 69418-1568', '157.00', '09:16:05', 10, 2),
(57, '2021-11-21 01:41:18', '2021-11-21 01:41:18', '2012-02-01', '2016-12-26', '5338 Adelbert Village Suite 477\nEthelynbury, WV 76245', '278.00', '05:44:01', 6, 20),
(58, '2021-11-21 01:41:18', '2021-11-21 01:41:18', '2003-07-04', '1984-03-05', '862 Junior Crossing\nNorth Skylar, CO 25247', '395.00', '01:16:57', 6, 2),
(59, '2021-11-21 01:41:18', '2021-11-21 01:41:18', '2019-08-31', '2012-11-18', '33332 Lemke Loop Suite 504\nBalistrerifurt, UT 22179', '324.00', '13:04:29', 8, 13),
(60, '2021-11-21 01:41:18', '2021-11-21 01:41:18', '1986-04-13', '2014-05-27', '339 Johns Glen Suite 514\nWeimannport, SC 30606', '445.00', '09:24:21', 7, 10),
(61, '2021-11-21 01:41:18', '2021-11-21 01:41:18', '1979-08-19', '2019-10-28', '86314 Leuschke Road Apt. 155\nSouth Pinkie, AZ 27819', '332.00', '12:27:37', 8, 21),
(62, '2021-11-21 01:41:18', '2021-11-21 01:41:18', '2021-10-29', '1986-06-27', '9655 Hiram Villages\nEast Brenna, RI 15730', '462.00', '01:04:47', 8, 8),
(63, '2021-11-21 01:41:19', '2021-11-21 01:41:19', '1971-07-02', '1980-05-13', '14202 Price Passage\nSigridview, ID 35112-4731', '147.00', '17:37:01', 6, 1),
(64, '2021-11-21 01:41:19', '2021-11-21 01:41:19', '1976-08-10', '1974-08-12', '81161 Paucek Cove\nRaufort, OK 15606', '197.00', '09:35:14', 7, 22),
(65, '2021-11-21 01:41:19', '2021-11-21 01:41:19', '1994-04-06', '1973-05-07', '9219 Norene Pass Suite 401\nPenelopefort, MI 49759', '285.00', '00:44:52', 3, 30),
(66, '2021-11-21 01:41:19', '2021-11-21 01:41:19', '2015-10-23', '2011-03-18', '5965 Arthur View Suite 020\nNew Johnsonshire, RI 51925', '418.00', '04:41:44', 6, 40),
(67, '2021-11-21 01:41:19', '2021-11-21 01:41:19', '2000-02-12', '2006-01-28', '88546 Luettgen Crescent\nLake Alycia, MO 89699-9111', '497.00', '16:23:13', 7, 43),
(68, '2021-11-21 01:41:19', '2021-11-21 01:41:19', '1984-06-23', '2015-12-09', '2681 Cormier Road Suite 893\nSwaniawskiborough, OH 02266', '116.00', '16:33:17', 6, 36),
(69, '2021-11-21 01:41:19', '2021-11-21 01:41:19', '1970-01-16', '1975-05-16', '2919 Melba Stream\nLake Jessiefort, NC 99085', '235.00', '06:20:32', 7, 19),
(70, '2021-11-21 01:41:19', '2021-11-21 01:41:19', '1976-12-05', '2008-06-10', '96845 Carmelo Hollow\nEast Enachester, MD 19037-0672', '378.00', '12:04:39', 7, 1),
(71, '2021-11-21 01:41:19', '2021-11-21 01:41:19', '2013-12-13', '1982-04-09', '756 Barton Point Suite 067\nSouth Kailynmouth, AL 98078', '309.00', '03:14:40', 5, 42),
(72, '2021-11-21 01:41:19', '2021-11-21 01:41:19', '2012-02-26', '1988-11-28', '37646 Nicholaus Avenue Suite 705\nEast Anneburgh, MD 74046-6095', '112.00', '14:54:16', 3, 20),
(73, '2021-11-21 01:41:19', '2021-11-21 01:41:19', '2016-08-04', '1981-06-27', '4359 Wilson Ports\nSouth Ida, TX 86967-4706', '347.00', '01:44:07', 5, 28),
(74, '2021-11-21 01:41:19', '2021-11-21 01:41:19', '1970-11-26', '2013-09-19', '1162 Pollich Ranch\nKingchester, MD 64400', '390.00', '08:52:40', 2, 29),
(75, '2021-11-21 01:41:19', '2021-11-21 01:41:19', '1990-12-16', '2011-07-30', '3230 Cesar Junction\nNorth Jaleel, MA 70387', '316.00', '05:58:57', 4, 6),
(76, '2021-11-21 01:41:19', '2021-11-21 01:41:19', '2011-05-13', '2000-02-09', '279 Fritsch Spring Apt. 917\nWavaborough, OH 30417', '462.00', '08:53:18', 8, 31),
(77, '2021-11-21 01:41:19', '2021-11-21 01:41:19', '1970-09-16', '1971-01-27', '5306 Aylin Isle Apt. 055\nRicardoburgh, MS 97360', '258.00', '00:28:20', 6, 10),
(78, '2021-11-21 01:41:19', '2021-11-21 01:41:19', '1977-06-16', '1996-03-12', '1080 Bonita Mill Suite 572\nLoweburgh, KS 97324-2208', '134.00', '16:47:12', 6, 13),
(79, '2021-11-21 01:41:19', '2021-11-21 01:41:19', '2009-09-23', '2012-09-27', '5892 Huel Meadow Apt. 115\nPort Trentonstad, DC 67733', '115.00', '09:43:37', 4, 32),
(80, '2021-11-21 01:41:19', '2021-11-21 01:41:19', '2000-02-02', '1977-09-23', '717 Ernser Lane\nWest Claudie, MA 74900', '229.00', '18:40:01', 5, 36),
(81, '2021-11-21 01:41:19', '2021-11-21 01:41:19', '2017-07-27', '1980-09-15', '290 Kaylee Mission Apt. 754\nReingerside, PA 60116-9237', '455.00', '01:45:50', 5, 1),
(82, '2021-11-21 01:41:19', '2021-11-21 01:41:19', '2013-05-21', '2001-08-16', '7480 Greenholt Trail\nShanellefurt, WV 61195', '138.00', '21:02:45', 2, 49),
(83, '2021-11-21 01:41:19', '2021-11-21 01:41:19', '1983-04-01', '2000-12-23', '28198 Larue Island\nLake Hilda, MS 91804', '483.00', '08:38:26', 7, 16),
(84, '2021-11-21 01:41:19', '2021-11-21 01:41:19', '1980-01-27', '2011-05-06', '1839 Lakin Common\nBlakeside, NJ 79753', '444.00', '21:32:28', 3, 32),
(85, '2021-11-21 01:41:19', '2021-11-21 01:41:19', '1985-08-05', '2001-12-25', '556 Hand Fork Apt. 487\nLake Destiney, IN 29070', '264.00', '22:55:13', 1, 29),
(86, '2021-11-21 01:41:19', '2021-11-21 01:41:19', '2000-03-18', '1994-09-29', '7615 Grady Creek\nPatriciaview, ME 15308-7781', '325.00', '19:12:12', 7, 1),
(87, '2021-11-21 01:41:19', '2021-11-21 01:41:19', '1979-04-09', '1978-10-05', '695 Mills Road Apt. 921\nNorth Lindatown, NJ 23594', '243.00', '20:49:37', 2, 20),
(88, '2021-11-21 01:41:19', '2021-11-21 01:41:19', '1988-11-11', '2018-09-08', '994 Koelpin Turnpike\nLake Jasper, WY 02824-8616', '122.00', '08:11:29', 7, 25),
(89, '2021-11-21 01:41:19', '2021-11-21 01:41:19', '2010-07-03', '1979-07-17', '9501 Cummings Views Suite 879\nKimstad, IN 18885-9354', '495.00', '08:41:38', 10, 28),
(90, '2021-11-21 01:41:20', '2021-11-21 01:41:20', '1979-02-08', '2007-07-09', '459 Buckridge Light\nNew Eduardo, NM 42536', '272.00', '13:37:05', 5, 41),
(91, '2021-11-21 01:41:20', '2021-11-21 01:41:20', '1979-01-12', '2002-10-03', '2576 Alexanne Route\nWest Irmafort, OR 49220', '214.00', '02:21:41', 4, 31),
(92, '2021-11-21 01:41:20', '2021-11-21 01:41:20', '2018-12-29', '2020-12-01', '9223 Modesto Rapid\nEast Enrique, TN 66663-0540', '241.00', '02:39:32', 3, 36),
(93, '2021-11-21 01:41:20', '2021-11-21 01:41:20', '2000-03-01', '2000-10-19', '6334 Jones Hill Suite 660\nChrismouth, NV 30012-9792', '187.00', '05:12:13', 9, 19),
(94, '2021-11-21 01:41:20', '2021-11-21 01:41:20', '2015-04-09', '2017-12-31', '32135 Rosenbaum Land Suite 848\nHerzogberg, WV 47428', '161.00', '08:14:21', 9, 39),
(95, '2021-11-21 01:41:20', '2021-11-21 01:41:20', '1998-07-06', '2006-06-07', '638 Mueller Meadow\nNew Giovannystad, CA 47586', '471.00', '07:03:36', 10, 1),
(96, '2021-11-21 01:41:20', '2021-11-21 01:41:20', '1987-12-27', '2003-11-09', '381 Annamarie Ports Suite 246\nPort Trystanville, VA 21339', '494.00', '20:44:10', 7, 44),
(97, '2021-11-21 01:41:20', '2021-11-21 01:41:20', '1991-07-17', '2007-11-02', '2447 Graham Meadow Suite 097\nNew Chanel, IA 62146-2168', '275.00', '11:16:13', 7, 38),
(98, '2021-11-21 01:41:20', '2021-11-21 01:41:20', '1981-09-28', '2010-12-04', '70203 Rempel Locks Apt. 108\nLake Geraldinefurt, IL 70475-6958', '301.00', '15:05:28', 5, 7),
(99, '2021-11-21 01:41:20', '2021-11-21 01:41:20', '1976-08-26', '2020-06-12', '1034 Emmanuelle Cliff Suite 930\nWest Zettafurt, MA 16273', '131.00', '11:03:03', 10, 18),
(100, '2021-11-21 01:41:20', '2021-11-21 01:41:20', '2006-03-17', '2008-07-18', '245 Delores Glens Apt. 937\nPort Mateohaven, LA 14843-5405', '360.00', '13:33:23', 5, 30);

-- --------------------------------------------------------

--
-- Estructura de tabla para la tabla `pedidos_productos`
--

CREATE TABLE `pedidos_productos` (
  `id` bigint(20) UNSIGNED NOT NULL,
  `created_at` timestamp NULL DEFAULT NULL,
  `updated_at` timestamp NULL DEFAULT NULL,
  `cantPed` decimal(8,2) NOT NULL,
  `producto_id` bigint(20) UNSIGNED NOT NULL,
  `pedido_id` bigint(20) UNSIGNED NOT NULL
) ENGINE=InnoDB DEFAULT CHARSET=utf8mb4 COLLATE=utf8mb4_unicode_ci;

-- --------------------------------------------------------

--
-- Estructura de tabla para la tabla `productos`
--

CREATE TABLE `productos` (
  `id` bigint(20) UNSIGNED NOT NULL,
  `created_at` timestamp NULL DEFAULT NULL,
  `updated_at` timestamp NULL DEFAULT NULL,
  `nomb` varchar(255) COLLATE utf8mb4_unicode_ci NOT NULL,
  `receta_id` bigint(20) UNSIGNED NOT NULL
) ENGINE=InnoDB DEFAULT CHARSET=utf8mb4 COLLATE=utf8mb4_unicode_ci;

--
-- Volcado de datos para la tabla `productos`
--

INSERT INTO `productos` (`id`, `created_at`, `updated_at`, `nomb`, `receta_id`) VALUES
(1, '2021-11-21 01:41:13', '2021-11-21 01:41:13', 'Polvorón', 1),
(2, '2021-11-21 01:41:14', '2021-11-21 01:41:14', 'Maní molido', 6),
(3, '2021-11-21 01:41:14', '2021-11-21 01:41:14', 'Dona', 11),
(4, '2021-11-21 01:41:14', '2021-11-21 01:41:14', 'Pañuelito', 16),
(5, '2021-11-21 01:41:14', '2021-11-21 01:41:14', 'Masa Real', 21);

-- --------------------------------------------------------

--
-- Estructura de tabla para la tabla `recetas`
--

CREATE TABLE `recetas` (
  `id` bigint(20) UNSIGNED NOT NULL,
  `created_at` timestamp NULL DEFAULT NULL,
  `updated_at` timestamp NULL DEFAULT NULL,
  `prep` varchar(255) COLLATE utf8mb4_unicode_ci NOT NULL,
  `peso` decimal(8,2) NOT NULL,
  `caloria` decimal(8,2) NOT NULL
) ENGINE=InnoDB DEFAULT CHARSET=utf8mb4 COLLATE=utf8mb4_unicode_ci;

--
-- Volcado de datos para la tabla `recetas`
--

INSERT INTO `recetas` (`id`, `created_at`, `updated_at`, `prep`, `peso`, `caloria`) VALUES
(1, '2021-11-21 01:41:06', '2021-11-21 01:41:06', 'Soluta labore molestiae illo eos suscipit suscipit illo iusto qui eum quia quisquam accusantium dolorem esse.', '27.00', '5.00'),
(2, '2021-11-21 01:41:06', '2021-11-21 01:41:06', 'Quas cupiditate ipsam id ducimus quo voluptas architecto consequatur et suscipit mollitia sed perspiciatis nihil quo laudantium.', '22.00', '6.00'),
(3, '2021-11-21 01:41:06', '2021-11-21 01:41:06', 'Blanditiis laboriosam velit rerum aut quidem est eum sapiente rem dolor provident recusandae qui qui eaque a quos.', '25.00', '12.00'),
(4, '2021-11-21 01:41:06', '2021-11-21 01:41:06', 'Quia repudiandae vitae quia laudantium alias incidunt voluptatibus hic est nulla cum et sed qui et ut ullam blanditiis beatae error.', '30.00', '7.00'),
(5, '2021-11-21 01:41:07', '2021-11-21 01:41:07', 'Dolore fugiat ipsam eum odit quia et dolorum assumenda eos quam quo molestiae consequatur non ut vel id aliquid dignissimos magnam mollitia quisquam illum perspiciatis consequatur.', '19.00', '10.00'),
(6, '2021-11-21 01:41:07', '2021-11-21 01:41:07', 'Aut nemo nihil autem animi nostrum sint impedit assumenda quo quia fuga est.', '22.00', '11.00'),
(7, '2021-11-21 01:41:07', '2021-11-21 01:41:07', 'Et eveniet atque dolorem optio veritatis minus molestias corrupti est nesciunt incidunt quia officia laborum.', '29.00', '5.00'),
(8, '2021-11-21 01:41:07', '2021-11-21 01:41:07', 'Corporis voluptatem eos veritatis eveniet dolorum id esse laudantium quidem reiciendis et qui fugit sunt sunt reprehenderit aspernatur voluptatem magnam aut nesciunt odit.', '27.00', '12.00'),
(9, '2021-11-21 01:41:07', '2021-11-21 01:41:07', 'Sint omnis at ipsam consequuntur optio rerum adipisci rerum consectetur voluptatem magni assumenda.', '27.00', '10.00'),
(10, '2021-11-21 01:41:07', '2021-11-21 01:41:07', 'Voluptatem esse dicta minus quidem dolore non incidunt eius voluptas et dolore facere.', '23.00', '11.00'),
(11, '2021-11-21 01:41:07', '2021-11-21 01:41:07', 'Neque perspiciatis quasi necessitatibus voluptatibus adipisci dolor nobis enim nesciunt molestiae eligendi nihil temporibus architecto eaque possimus iste est aut necessitatibus saepe explicabo aut.', '15.00', '12.00'),
(12, '2021-11-21 01:41:07', '2021-11-21 01:41:07', 'Dicta assumenda alias molestiae sapiente repellat odit optio nihil quaerat quia perferendis totam provident temporibus molestiae maiores consectetur et vel nihil quisquam similique dolores nemo.', '23.00', '6.00'),
(13, '2021-11-21 01:41:07', '2021-11-21 01:41:07', 'Eos ullam rerum aperiam molestias rerum aut consequatur rerum quia atque error porro mollitia rem fugiat quia debitis rerum autem et velit deserunt tempore qui.', '18.00', '8.00'),
(14, '2021-11-21 01:41:07', '2021-11-21 01:41:07', 'Eum alias est repudiandae beatae voluptatem sed a delectus tenetur ut quisquam fugit autem dignissimos.', '25.00', '12.00'),
(15, '2021-11-21 01:41:07', '2021-11-21 01:41:07', 'Qui omnis quibusdam et perferendis repellendus est eum aliquid beatae quidem dignissimos odio quaerat ut laboriosam exercitationem dicta rem ullam deleniti qui incidunt repudiandae impedit fuga sit voluptates.', '13.00', '11.00'),
(16, '2021-11-21 01:41:07', '2021-11-21 01:41:07', 'Ipsam nostrum dolores veniam quia magni possimus accusamus assumenda aut iusto nostrum ea magni dolorem odit.', '23.00', '11.00'),
(17, '2021-11-21 01:41:07', '2021-11-21 01:41:07', 'In maxime ipsum quia voluptatum ut vero sint magnam consequatur omnis doloribus quos minima earum incidunt laudantium velit voluptas ad accusantium eos ducimus voluptate quo facilis.', '24.00', '5.00'),
(18, '2021-11-21 01:41:07', '2021-11-21 01:41:07', 'Eum voluptatem sed quaerat commodi aut dolores doloremque distinctio deleniti molestiae magni velit odit perspiciatis sequi autem hic qui sit.', '20.00', '6.00'),
(19, '2021-11-21 01:41:07', '2021-11-21 01:41:07', 'Rerum pariatur corporis corrupti qui unde voluptas doloremque rem deleniti velit voluptatum enim corporis fuga dolore molestias eos facilis adipisci rerum at amet beatae consequatur corrupti omnis suscipit.', '27.00', '8.00'),
(20, '2021-11-21 01:41:07', '2021-11-21 01:41:07', 'Numquam sit accusantium maxime non itaque minima quia sed et nulla id dolorem itaque facere aut tempora vel quia neque quae earum facilis et molestiae consequuntur dolor.', '14.00', '7.00'),
(21, '2021-11-21 01:41:07', '2021-11-21 01:41:07', 'Dignissimos maxime veritatis magni sunt dolores ut aut quaerat sequi pariatur eveniet ut in facilis autem distinctio voluptatum.', '20.00', '8.00'),
(22, '2021-11-21 01:41:07', '2021-11-21 01:41:07', 'Culpa nisi omnis et asperiores sunt optio voluptatem explicabo accusamus enim dolore quae deleniti et est ducimus odit aut rerum saepe quaerat repudiandae quia quae.', '26.00', '8.00'),
(23, '2021-11-21 01:41:07', '2021-11-21 01:41:07', 'Rerum ut quos omnis ad pariatur non qui aliquid et cupiditate ut rerum cupiditate veritatis repudiandae repellendus non.', '28.00', '12.00'),
(24, '2021-11-21 01:41:07', '2021-11-21 01:41:07', 'Reprehenderit quae error culpa quia velit iure vel atque perspiciatis iste excepturi qui repudiandae earum voluptate illum sit qui ullam aliquam dolor.', '21.00', '7.00'),
(25, '2021-11-21 01:41:07', '2021-11-21 01:41:07', 'Est rerum et maxime qui sed eum qui libero eos numquam sunt quo eaque sint hic minima vitae velit sed.', '28.00', '7.00'),
(26, '2021-11-21 01:41:07', '2021-11-21 01:41:07', 'Vel aut expedita autem vel mollitia tempore quis laudantium est nobis quia voluptas ullam ad et repellat non dignissimos non.', '12.00', '7.00'),
(27, '2021-11-21 01:41:07', '2021-11-21 01:41:07', 'Dignissimos nam optio vitae laudantium ut quis provident eum eius cumque est nisi cupiditate voluptatem nisi voluptatibus ea ipsam repudiandae quibusdam sed esse qui quo rerum ut consequatur quisquam.', '14.00', '12.00'),
(28, '2021-11-21 01:41:07', '2021-11-21 01:41:07', 'Consectetur minima minus et magnam possimus enim atque quia exercitationem qui et sint rerum occaecati ad rem qui expedita reprehenderit est.', '12.00', '6.00'),
(29, '2021-11-21 01:41:07', '2021-11-21 01:41:07', 'Et aut minima impedit mollitia suscipit ea sit reprehenderit qui eum voluptatem facere eligendi iure eum ab eveniet eum.', '12.00', '6.00'),
(30, '2021-11-21 01:41:07', '2021-11-21 01:41:07', 'Animi aperiam voluptas provident cumque quisquam facere quas modi quae facilis et porro eum odit neque perferendis soluta sed quia sit labore dolores aut quia cumque id et praesentium.', '30.00', '7.00'),
(31, '2021-11-21 01:41:07', '2021-11-21 01:41:07', 'Quis nesciunt vero vel eos culpa occaecati ducimus debitis et dolores eos nihil ab eligendi nemo.', '27.00', '7.00'),
(32, '2021-11-21 01:41:07', '2021-11-21 01:41:07', 'Eos quis esse molestias dolores eaque quod in quaerat itaque dolor doloribus ducimus similique rerum et repudiandae et tenetur voluptatem facere sit.', '27.00', '5.00'),
(33, '2021-11-21 01:41:07', '2021-11-21 01:41:07', 'Quo quod consequatur ut eveniet natus iusto incidunt sit eius et amet voluptatem aliquam voluptas voluptatibus tenetur sed natus asperiores sit autem alias perferendis ut.', '30.00', '10.00'),
(34, '2021-11-21 01:41:07', '2021-11-21 01:41:07', 'Consectetur non cumque iusto in similique non consectetur ut qui aut amet harum laborum et animi qui nulla molestiae ipsam quo velit iusto temporibus ipsam in quo.', '20.00', '6.00'),
(35, '2021-11-21 01:41:07', '2021-11-21 01:41:07', 'Optio autem commodi voluptatibus voluptas illum repellat aliquam a laboriosam qui qui at eos ea aperiam ipsam natus enim accusamus et officiis.', '20.00', '9.00'),
(36, '2021-11-21 01:41:07', '2021-11-21 01:41:07', 'Assumenda quisquam quod aperiam facilis iure officiis repudiandae quidem velit non consequatur dolor et voluptatibus vel facere.', '25.00', '11.00'),
(37, '2021-11-21 01:41:08', '2021-11-21 01:41:08', 'Officia et cum enim eum modi alias fugit velit recusandae quis numquam corrupti voluptas.', '28.00', '5.00'),
(38, '2021-11-21 01:41:08', '2021-11-21 01:41:08', 'Et totam minus et quo qui qui ea facilis deleniti et ea temporibus reiciendis tempora consequatur maxime in explicabo cum consequatur quia quas inventore ea.', '22.00', '12.00'),
(39, '2021-11-21 01:41:08', '2021-11-21 01:41:08', 'Quibusdam autem autem minima omnis minima blanditiis sed dolores animi consequatur ea deleniti ullam iusto nihil ullam natus error omnis sit facere omnis et incidunt sed fuga consequuntur.', '17.00', '9.00'),
(40, '2021-11-21 01:41:08', '2021-11-21 01:41:08', 'Quo adipisci harum nam possimus sunt sit possimus ea eos aliquid ex quia aut rerum ea aut quia deserunt nemo quia quia sunt eos.', '24.00', '11.00'),
(41, '2021-11-21 01:41:08', '2021-11-21 01:41:08', 'Quidem est quia ut non iure eos ut est enim quia eos est ducimus at explicabo exercitationem.', '12.00', '11.00'),
(42, '2021-11-21 01:41:08', '2021-11-21 01:41:08', 'Rem cum ab ipsa laborum in aut consequatur enim odio sit modi soluta.', '23.00', '11.00'),
(43, '2021-11-21 01:41:08', '2021-11-21 01:41:08', 'Quia consequuntur id vero voluptatum deleniti libero ut perspiciatis voluptates et assumenda architecto.', '24.00', '12.00'),
(44, '2021-11-21 01:41:08', '2021-11-21 01:41:08', 'Cum illo nisi perspiciatis libero est vel veniam quas provident amet voluptatem animi id nihil aliquid qui eum quidem.', '12.00', '11.00'),
(45, '2021-11-21 01:41:08', '2021-11-21 01:41:08', 'Natus sapiente voluptatem porro omnis illum enim consequatur dicta dicta quaerat assumenda aut odit sint aut iusto eos aliquid quia magni quidem.', '15.00', '6.00'),
(46, '2021-11-21 01:41:08', '2021-11-21 01:41:08', 'Et nisi occaecati consequatur a consequatur ea iste omnis saepe nihil omnis voluptates sit id aliquam sed.', '19.00', '6.00'),
(47, '2021-11-21 01:41:08', '2021-11-21 01:41:08', 'Est nam ea omnis eveniet est nemo modi quia eos libero sint quia voluptates est quasi quisquam perspiciatis dolores aut maxime quo aut iusto labore distinctio deserunt quia.', '13.00', '7.00'),
(48, '2021-11-21 01:41:08', '2021-11-21 01:41:08', 'Non et facilis autem laboriosam cumque reiciendis et voluptates qui aliquam nihil natus soluta blanditiis facere aliquid blanditiis ab asperiores dolorem voluptatem nobis inventore omnis excepturi sit voluptas.', '12.00', '7.00'),
(49, '2021-11-21 01:41:08', '2021-11-21 01:41:08', 'Et voluptate dolorem iure et veritatis sapiente quo vel non at sint voluptas eligendi beatae sunt deleniti quas modi ut consequuntur.', '29.00', '10.00'),
(50, '2021-11-21 01:41:08', '2021-11-21 01:41:08', 'Vitae est voluptatem nam itaque totam culpa esse nostrum voluptatem veniam est voluptates mollitia quia odit dolores soluta deserunt doloribus.', '17.00', '7.00'),
(51, '2021-11-21 01:41:08', '2021-11-21 01:41:08', 'Voluptatem eveniet et minima ea eius et aut ex ipsa occaecati quia eaque.', '28.00', '7.00'),
(52, '2021-11-21 01:41:08', '2021-11-21 01:41:08', 'Neque doloremque magnam ut fuga aperiam mollitia minus dolorem repudiandae optio quia provident nemo temporibus magnam voluptate minima sunt eius mollitia vitae numquam.', '13.00', '10.00'),
(53, '2021-11-21 01:41:08', '2021-11-21 01:41:08', 'Nostrum eum nulla deleniti totam sint veritatis officiis doloribus sed fugit est nulla iure veritatis vel et veniam molestiae blanditiis magnam exercitationem quae voluptate ut qui tempora.', '18.00', '7.00'),
(54, '2021-11-21 01:41:08', '2021-11-21 01:41:08', 'Asperiores maxime ut et quibusdam pariatur autem provident est delectus aliquid corporis distinctio maxime eos necessitatibus accusantium voluptatum est consequatur unde non consequatur non maiores quisquam iste.', '19.00', '10.00'),
(55, '2021-11-21 01:41:08', '2021-11-21 01:41:08', 'Corporis molestias est qui et quasi eius voluptatibus voluptatem eos exercitationem dolores nisi et placeat delectus qui et non.', '12.00', '7.00'),
(56, '2021-11-21 01:41:08', '2021-11-21 01:41:08', 'Nihil et velit hic mollitia error eveniet non qui ab itaque possimus doloribus tempora qui impedit autem velit maxime omnis ad atque quia.', '30.00', '8.00'),
(57, '2021-11-21 01:41:08', '2021-11-21 01:41:08', 'Ab iste ut possimus minima voluptatibus ipsa voluptas incidunt qui totam repudiandae dolorem harum ratione sint similique sit sunt rem consequatur labore.', '16.00', '12.00'),
(58, '2021-11-21 01:41:08', '2021-11-21 01:41:08', 'Aut provident autem odio sed blanditiis eius alias temporibus minima incidunt enim et et.', '24.00', '7.00'),
(59, '2021-11-21 01:41:08', '2021-11-21 01:41:08', 'Ipsa dicta aspernatur aut quo sit amet itaque officiis omnis ipsa saepe iste.', '28.00', '6.00'),
(60, '2021-11-21 01:41:08', '2021-11-21 01:41:08', 'Rerum ut vel minima ullam saepe aut voluptates perferendis repellat facere atque occaecati dolorum et quis enim rem deleniti ad sed aliquam maiores.', '19.00', '8.00'),
(61, '2021-11-21 01:41:08', '2021-11-21 01:41:08', 'Tempora ex et est explicabo nihil velit ex veniam deleniti eos aut voluptatum cupiditate ut doloribus sunt sed aut quis at beatae omnis.', '29.00', '8.00'),
(62, '2021-11-21 01:41:08', '2021-11-21 01:41:08', 'Omnis nesciunt eos distinctio animi sunt consequatur quasi repellat reprehenderit aut ipsam exercitationem harum aliquid architecto ut.', '24.00', '11.00'),
(63, '2021-11-21 01:41:08', '2021-11-21 01:41:08', 'Quis maxime ipsam molestiae inventore provident perspiciatis non et similique sit aut quis est voluptas et asperiores nam dolorum ea exercitationem quos aut animi qui blanditiis minus deserunt neque.', '23.00', '9.00'),
(64, '2021-11-21 01:41:08', '2021-11-21 01:41:08', 'Laudantium minus sunt in quibusdam aperiam sit ut nostrum totam praesentium et sint ab voluptatibus incidunt totam.', '20.00', '7.00'),
(65, '2021-11-21 01:41:08', '2021-11-21 01:41:08', 'Fugit animi ullam pariatur est sequi nam corrupti qui error ullam qui porro minima assumenda fuga dolores ea rerum ut tempora non.', '12.00', '9.00'),
(66, '2021-11-21 01:41:08', '2021-11-21 01:41:08', 'Quidem et recusandae illum rerum quis cum modi enim voluptates dolor ad aspernatur molestiae ut doloribus sunt error minus odit dolorem ab quis iste ipsam.', '24.00', '8.00'),
(67, '2021-11-21 01:41:08', '2021-11-21 01:41:08', 'Quo architecto ut sunt qui maxime alias doloribus amet blanditiis omnis eum quis molestiae nulla impedit debitis inventore qui praesentium sunt totam ducimus aliquid enim explicabo repellat et.', '24.00', '5.00'),
(68, '2021-11-21 01:41:09', '2021-11-21 01:41:09', 'Voluptates at eos dolores et molestiae voluptatem sit dicta facere adipisci rem et qui quis.', '20.00', '10.00'),
(69, '2021-11-21 01:41:09', '2021-11-21 01:41:09', 'Consequatur nihil aut error sapiente libero ullam ea nam ratione reprehenderit odio omnis ratione nemo ab similique corrupti recusandae in earum.', '17.00', '12.00'),
(70, '2021-11-21 01:41:09', '2021-11-21 01:41:09', 'Voluptatem aut tempora qui est debitis incidunt iure nesciunt nihil incidunt labore pariatur error in.', '28.00', '12.00'),
(71, '2021-11-21 01:41:09', '2021-11-21 01:41:09', 'Molestias in qui sint labore ea rem facere incidunt nobis laborum ipsam qui rerum id praesentium.', '23.00', '9.00'),
(72, '2021-11-21 01:41:09', '2021-11-21 01:41:09', 'Dolor illo delectus aliquid in quidem quia voluptatum quidem consequatur consequatur et tempore sint sint magni fugiat eveniet quibusdam.', '26.00', '7.00'),
(73, '2021-11-21 01:41:09', '2021-11-21 01:41:09', 'Et ut veniam laborum nesciunt exercitationem eligendi nemo eveniet laudantium ipsam neque illo voluptatem quia nihil assumenda enim delectus aut et possimus ab corporis.', '29.00', '6.00'),
(74, '2021-11-21 01:41:09', '2021-11-21 01:41:09', 'Tempora hic non nam possimus illum reprehenderit nemo occaecati qui fugiat harum quae expedita expedita eos maiores cupiditate ut consequatur quia consequatur aut expedita atque.', '17.00', '6.00'),
(75, '2021-11-21 01:41:09', '2021-11-21 01:41:09', 'Exercitationem ut repellat molestiae ducimus libero dolor omnis mollitia cumque facilis sint velit possimus vitae qui veniam non fugiat blanditiis et eum eos voluptatibus quod.', '19.00', '8.00'),
(76, '2021-11-21 01:41:09', '2021-11-21 01:41:09', 'Qui sequi quisquam libero reprehenderit et aut voluptates et doloribus vero dolorem eligendi et quibusdam voluptatem culpa qui odio esse dolorum non odio.', '17.00', '6.00'),
(77, '2021-11-21 01:41:09', '2021-11-21 01:41:09', 'At culpa libero in enim vero sit alias exercitationem dolorem fuga deleniti harum atque.', '15.00', '7.00'),
(78, '2021-11-21 01:41:09', '2021-11-21 01:41:09', 'Aliquam itaque ad id a qui similique ab illum voluptate amet aut voluptatem pariatur minus fugit ut ut consequatur.', '27.00', '10.00'),
(79, '2021-11-21 01:41:09', '2021-11-21 01:41:09', 'Molestiae facere molestias quasi et molestiae nam veniam alias beatae enim nam saepe id dolores.', '30.00', '8.00'),
(80, '2021-11-21 01:41:09', '2021-11-21 01:41:09', 'Minus magni commodi qui et eveniet expedita qui assumenda natus cumque inventore mollitia aut omnis ea eos omnis qui officia aut fuga deleniti aut quos at reiciendis quae.', '12.00', '9.00'),
(81, '2021-11-21 01:41:09', '2021-11-21 01:41:09', 'Voluptatem qui vero unde ab velit fuga nulla est quis ducimus voluptas temporibus tenetur explicabo accusamus autem et eius praesentium saepe consequatur delectus ducimus.', '19.00', '10.00'),
(82, '2021-11-21 01:41:09', '2021-11-21 01:41:09', 'Et voluptas perferendis optio aut mollitia voluptas consequatur voluptate quod in porro deserunt voluptate dicta perspiciatis recusandae aut architecto dolore repellat qui qui velit sed.', '16.00', '11.00'),
(83, '2021-11-21 01:41:09', '2021-11-21 01:41:09', 'Et sint perspiciatis aut quisquam quis fugit beatae molestias temporibus et molestiae voluptatibus quaerat blanditiis.', '22.00', '5.00'),
(84, '2021-11-21 01:41:09', '2021-11-21 01:41:09', 'Quo quis unde nam vero necessitatibus repellat assumenda accusamus voluptatem iste esse totam laboriosam nam cumque at voluptatibus quos aliquid et cum sed et iure.', '13.00', '6.00'),
(85, '2021-11-21 01:41:09', '2021-11-21 01:41:09', 'Iste ut recusandae consequatur sint veritatis aliquid saepe sunt numquam dolorem aut molestiae amet aut ratione nesciunt maxime.', '13.00', '11.00'),
(86, '2021-11-21 01:41:09', '2021-11-21 01:41:09', 'Pariatur et dolores quos deleniti molestias molestias porro dolor qui quae debitis eum dolores aut deleniti quam commodi praesentium quia quaerat.', '26.00', '6.00'),
(87, '2021-11-21 01:41:09', '2021-11-21 01:41:09', 'Aut facilis impedit rerum commodi quia voluptate molestiae dolor velit blanditiis voluptates facilis earum.', '30.00', '11.00'),
(88, '2021-11-21 01:41:09', '2021-11-21 01:41:09', 'Id reprehenderit omnis quia dolore eum incidunt nesciunt adipisci ea nostrum eligendi ea ex.', '21.00', '12.00'),
(89, '2021-11-21 01:41:09', '2021-11-21 01:41:09', 'Eos ut quod minima vero sunt minima nemo libero et saepe dolor consequatur cum sit sunt voluptatem nihil nobis quaerat minima molestiae voluptatibus provident et.', '30.00', '5.00'),
(90, '2021-11-21 01:41:09', '2021-11-21 01:41:09', 'Laborum unde sit est et fuga dolor nemo architecto fugit animi deleniti enim qui ut ex qui.', '29.00', '9.00'),
(91, '2021-11-21 01:41:09', '2021-11-21 01:41:09', 'Ut nam at quae reprehenderit sed quaerat quibusdam voluptates tenetur consequatur necessitatibus corporis voluptatem esse sed.', '12.00', '6.00'),
(92, '2021-11-21 01:41:09', '2021-11-21 01:41:09', 'Enim voluptas temporibus nisi aut quisquam non vero odio autem dolorum nulla aperiam dolores ipsum delectus ut cumque error.', '22.00', '11.00'),
(93, '2021-11-21 01:41:09', '2021-11-21 01:41:09', 'Voluptas rerum doloribus nobis autem debitis mollitia perspiciatis odit et eligendi excepturi eveniet voluptate assumenda debitis.', '17.00', '6.00'),
(94, '2021-11-21 01:41:09', '2021-11-21 01:41:09', 'Aut excepturi assumenda possimus quidem harum eius ratione omnis consequatur fugiat dolorem ut assumenda placeat unde similique.', '27.00', '7.00'),
(95, '2021-11-21 01:41:09', '2021-11-21 01:41:09', 'Dolore quod voluptas facere laudantium sint tempora eos soluta libero at qui aut at sed beatae natus laborum consequatur eveniet voluptate eos est sint commodi reiciendis.', '18.00', '8.00'),
(96, '2021-11-21 01:41:09', '2021-11-21 01:41:09', 'Aperiam id temporibus est consectetur qui officiis cum ea recusandae aut quibusdam et omnis eum pariatur reprehenderit maxime et ea et et in voluptatem non eos possimus impedit.', '18.00', '10.00'),
(97, '2021-11-21 01:41:09', '2021-11-21 01:41:09', 'Unde ducimus error consectetur culpa aspernatur sint dolor quas sunt tenetur reiciendis ullam sit at et non possimus quibusdam veritatis sunt magni.', '28.00', '9.00'),
(98, '2021-11-21 01:41:09', '2021-11-21 01:41:09', 'Vel consequuntur minima corporis ut fuga et aliquid pariatur sit ab tempore vero qui quod expedita voluptas.', '22.00', '6.00'),
(99, '2021-11-21 01:41:10', '2021-11-21 01:41:10', 'Sint reiciendis rem a laborum ut nesciunt doloremque odio facere tenetur distinctio iste ea laboriosam est autem omnis et libero possimus inventore quo.', '15.00', '5.00'),
(100, '2021-11-21 01:41:10', '2021-11-21 01:41:10', 'Corporis incidunt distinctio eius suscipit maxime iusto aut ex sed qui recusandae sit sed qui molestiae enim dignissimos hic velit culpa ab ut quas quidem dolorem deleniti.', '30.00', '5.00');

-- --------------------------------------------------------

--
-- Estructura de tabla para la tabla `stocks`
--

CREATE TABLE `stocks` (
  `id` bigint(20) UNSIGNED NOT NULL,
  `created_at` timestamp NULL DEFAULT NULL,
  `updated_at` timestamp NULL DEFAULT NULL,
  `almacen` varchar(255) COLLATE utf8mb4_unicode_ci NOT NULL
) ENGINE=InnoDB DEFAULT CHARSET=utf8mb4 COLLATE=utf8mb4_unicode_ci;

--
-- Volcado de datos para la tabla `stocks`
--

INSERT INTO `stocks` (`id`, `created_at`, `updated_at`, `almacen`) VALUES
(1, '2021-11-21 01:41:10', '2021-11-21 01:41:10', 'Laudantium totam quaerat saepe dolorem placeat aut quia repudiandae.'),
(2, '2021-11-21 01:41:10', '2021-11-21 01:41:10', 'Nihil explicabo vitae ut quia recusandae.'),
(3, '2021-11-21 01:41:10', '2021-11-21 01:41:10', 'Voluptatem et aut ut voluptatem dolorem in.'),
(4, '2021-11-21 01:41:10', '2021-11-21 01:41:10', 'Laborum debitis exercitationem rem laborum quaerat.'),
(5, '2021-11-21 01:41:10', '2021-11-21 01:41:10', 'Sed vitae assumenda esse exercitationem.'),
(6, '2021-11-21 01:41:10', '2021-11-21 01:41:10', 'Aut nisi autem saepe iste et sed voluptatem.'),
(7, '2021-11-21 01:41:10', '2021-11-21 01:41:10', 'Consequuntur recusandae similique id voluptate.'),
(8, '2021-11-21 01:41:10', '2021-11-21 01:41:10', 'Nam voluptas laborum recusandae consectetur.'),
(9, '2021-11-21 01:41:10', '2021-11-21 01:41:10', 'Quas itaque qui a officiis possimus ullam.'),
(10, '2021-11-21 01:41:10', '2021-11-21 01:41:10', 'Qui ea ipsa nostrum corrupti cupiditate.');

-- --------------------------------------------------------

--
-- Estructura de tabla para la tabla `users`
--

CREATE TABLE `users` (
  `id` bigint(20) UNSIGNED NOT NULL,
  `name` varchar(255) COLLATE utf8mb4_unicode_ci NOT NULL,
  `email` varchar(255) COLLATE utf8mb4_unicode_ci NOT NULL,
  `email_verified_at` timestamp NULL DEFAULT NULL,
  `password` varchar(255) COLLATE utf8mb4_unicode_ci NOT NULL,
  `remember_token` varchar(100) COLLATE utf8mb4_unicode_ci DEFAULT NULL,
  `created_at` timestamp NULL DEFAULT NULL,
  `updated_at` timestamp NULL DEFAULT NULL
) ENGINE=InnoDB DEFAULT CHARSET=utf8mb4 COLLATE=utf8mb4_unicode_ci;

--
-- Volcado de datos para la tabla `users`
--

INSERT INTO `users` (`id`, `name`, `email`, `email_verified_at`, `password`, `remember_token`, `created_at`, `updated_at`) VALUES
(1, 'Ariel', 'arielchavez93@nauta.cu', NULL, '$2y$10$jst9EL7JRipdTaUNfyKf3.KgVuQ5q9UdiREQLP0oJ3062e474AnlG', NULL, '2021-11-21 02:03:43', '2021-11-21 02:03:43');

--
-- Índices para tablas volcadas
--

--
-- Indices de la tabla `categorias`
--
ALTER TABLE `categorias`
  ADD PRIMARY KEY (`id`);

--
-- Indices de la tabla `clientes`
--
ALTER TABLE `clientes`
  ADD PRIMARY KEY (`id`);

--
-- Indices de la tabla `failed_jobs`
--
ALTER TABLE `failed_jobs`
  ADD PRIMARY KEY (`id`);

--
-- Indices de la tabla `fechas`
--
ALTER TABLE `fechas`
  ADD PRIMARY KEY (`id`);

--
-- Indices de la tabla `fechas_productos`
--
ALTER TABLE `fechas_productos`
  ADD PRIMARY KEY (`id`),
  ADD KEY `fechas_productos_producto_id_foreign` (`producto_id`),
  ADD KEY `fechas_productos_fecha_id_foreign` (`fecha_id`);

--
-- Indices de la tabla `ingredientes`
--
ALTER TABLE `ingredientes`
  ADD PRIMARY KEY (`id`),
  ADD KEY `ingredientes_stock_id_foreign` (`stock_id`);

--
-- Indices de la tabla `ingredientes_recetas`
--
ALTER TABLE `ingredientes_recetas`
  ADD PRIMARY KEY (`id`),
  ADD KEY `ingredientes_recetas_ingrediente_id_foreign` (`ingrediente_id`),
  ADD KEY `ingredientes_recetas_receta_id_foreign` (`receta_id`);

--
-- Indices de la tabla `migrations`
--
ALTER TABLE `migrations`
  ADD PRIMARY KEY (`id`);

--
-- Indices de la tabla `password_resets`
--
ALTER TABLE `password_resets`
  ADD KEY `password_resets_email_index` (`email`);

--
-- Indices de la tabla `pasteleros`
--
ALTER TABLE `pasteleros`
  ADD PRIMARY KEY (`id`),
  ADD KEY `pasteleros_categoria_id_foreign` (`categoria_id`);

--
-- Indices de la tabla `pedidos`
--
ALTER TABLE `pedidos`
  ADD PRIMARY KEY (`id`),
  ADD KEY `pedidos_cliente_id_foreign` (`cliente_id`),
  ADD KEY `pedidos_pastelero_id_foreign` (`pastelero_id`);

--
-- Indices de la tabla `pedidos_productos`
--
ALTER TABLE `pedidos_productos`
  ADD PRIMARY KEY (`id`),
  ADD KEY `pedidos_productos_pedido_id_foreign` (`pedido_id`),
  ADD KEY `pedidos_productos_producto_id_foreign` (`producto_id`);

--
-- Indices de la tabla `productos`
--
ALTER TABLE `productos`
  ADD PRIMARY KEY (`id`),
  ADD UNIQUE KEY `productos_id_unique` (`id`),
  ADD UNIQUE KEY `productos_nomb_unique` (`nomb`),
  ADD UNIQUE KEY `productos_receta_id_unique` (`receta_id`);

--
-- Indices de la tabla `recetas`
--
ALTER TABLE `recetas`
  ADD PRIMARY KEY (`id`);

--
-- Indices de la tabla `stocks`
--
ALTER TABLE `stocks`
  ADD PRIMARY KEY (`id`);

--
-- Indices de la tabla `users`
--
ALTER TABLE `users`
  ADD PRIMARY KEY (`id`),
  ADD UNIQUE KEY `users_email_unique` (`email`);

--
-- AUTO_INCREMENT de las tablas volcadas
--

--
-- AUTO_INCREMENT de la tabla `categorias`
--
ALTER TABLE `categorias`
  MODIFY `id` bigint(20) UNSIGNED NOT NULL AUTO_INCREMENT, AUTO_INCREMENT=4;

--
-- AUTO_INCREMENT de la tabla `clientes`
--
ALTER TABLE `clientes`
  MODIFY `id` bigint(20) UNSIGNED NOT NULL AUTO_INCREMENT, AUTO_INCREMENT=51;

--
-- AUTO_INCREMENT de la tabla `failed_jobs`
--
ALTER TABLE `failed_jobs`
  MODIFY `id` bigint(20) UNSIGNED NOT NULL AUTO_INCREMENT;

--
-- AUTO_INCREMENT de la tabla `fechas`
--
ALTER TABLE `fechas`
  MODIFY `id` bigint(20) UNSIGNED NOT NULL AUTO_INCREMENT;

--
-- AUTO_INCREMENT de la tabla `fechas_productos`
--
ALTER TABLE `fechas_productos`
  MODIFY `id` bigint(20) UNSIGNED NOT NULL AUTO_INCREMENT;

--
-- AUTO_INCREMENT de la tabla `ingredientes`
--
ALTER TABLE `ingredientes`
  MODIFY `id` bigint(20) UNSIGNED NOT NULL AUTO_INCREMENT, AUTO_INCREMENT=102;

--
-- AUTO_INCREMENT de la tabla `ingredientes_recetas`
--
ALTER TABLE `ingredientes_recetas`
  MODIFY `id` bigint(20) UNSIGNED NOT NULL AUTO_INCREMENT, AUTO_INCREMENT=101;

--
-- AUTO_INCREMENT de la tabla `migrations`
--
ALTER TABLE `migrations`
  MODIFY `id` int(10) UNSIGNED NOT NULL AUTO_INCREMENT, AUTO_INCREMENT=16;

--
-- AUTO_INCREMENT de la tabla `pasteleros`
--
ALTER TABLE `pasteleros`
  MODIFY `id` bigint(20) UNSIGNED NOT NULL AUTO_INCREMENT, AUTO_INCREMENT=11;

--
-- AUTO_INCREMENT de la tabla `pedidos`
--
ALTER TABLE `pedidos`
  MODIFY `id` bigint(20) UNSIGNED NOT NULL AUTO_INCREMENT, AUTO_INCREMENT=101;

--
-- AUTO_INCREMENT de la tabla `pedidos_productos`
--
ALTER TABLE `pedidos_productos`
  MODIFY `id` bigint(20) UNSIGNED NOT NULL AUTO_INCREMENT;

--
-- AUTO_INCREMENT de la tabla `productos`
--
ALTER TABLE `productos`
  MODIFY `id` bigint(20) UNSIGNED NOT NULL AUTO_INCREMENT, AUTO_INCREMENT=6;

--
-- AUTO_INCREMENT de la tabla `recetas`
--
ALTER TABLE `recetas`
  MODIFY `id` bigint(20) UNSIGNED NOT NULL AUTO_INCREMENT, AUTO_INCREMENT=101;

--
-- AUTO_INCREMENT de la tabla `stocks`
--
ALTER TABLE `stocks`
  MODIFY `id` bigint(20) UNSIGNED NOT NULL AUTO_INCREMENT, AUTO_INCREMENT=11;

--
-- AUTO_INCREMENT de la tabla `users`
--
ALTER TABLE `users`
  MODIFY `id` bigint(20) UNSIGNED NOT NULL AUTO_INCREMENT, AUTO_INCREMENT=2;

--
-- Restricciones para tablas volcadas
--

--
-- Filtros para la tabla `fechas_productos`
--
ALTER TABLE `fechas_productos`
  ADD CONSTRAINT `fechas_productos_fecha_id_foreign` FOREIGN KEY (`fecha_id`) REFERENCES `fechas` (`id`) ON DELETE CASCADE,
  ADD CONSTRAINT `fechas_productos_producto_id_foreign` FOREIGN KEY (`producto_id`) REFERENCES `productos` (`id`) ON DELETE CASCADE;

--
-- Filtros para la tabla `ingredientes`
--
ALTER TABLE `ingredientes`
  ADD CONSTRAINT `ingredientes_stock_id_foreign` FOREIGN KEY (`stock_id`) REFERENCES `stocks` (`id`) ON DELETE CASCADE;

--
-- Filtros para la tabla `ingredientes_recetas`
--
ALTER TABLE `ingredientes_recetas`
  ADD CONSTRAINT `ingredientes_recetas_ingrediente_id_foreign` FOREIGN KEY (`ingrediente_id`) REFERENCES `ingredientes` (`id`) ON DELETE CASCADE,
  ADD CONSTRAINT `ingredientes_recetas_receta_id_foreign` FOREIGN KEY (`receta_id`) REFERENCES `recetas` (`id`) ON DELETE CASCADE;

--
-- Filtros para la tabla `pasteleros`
--
ALTER TABLE `pasteleros`
  ADD CONSTRAINT `pasteleros_categoria_id_foreign` FOREIGN KEY (`categoria_id`) REFERENCES `categorias` (`id`) ON DELETE CASCADE;

--
-- Filtros para la tabla `pedidos`
--
ALTER TABLE `pedidos`
  ADD CONSTRAINT `pedidos_cliente_id_foreign` FOREIGN KEY (`cliente_id`) REFERENCES `clientes` (`id`) ON DELETE CASCADE,
  ADD CONSTRAINT `pedidos_pastelero_id_foreign` FOREIGN KEY (`pastelero_id`) REFERENCES `pasteleros` (`id`) ON DELETE CASCADE;

--
-- Filtros para la tabla `pedidos_productos`
--
ALTER TABLE `pedidos_productos`
  ADD CONSTRAINT `pedidos_productos_pedido_id_foreign` FOREIGN KEY (`pedido_id`) REFERENCES `pedidos` (`id`) ON DELETE CASCADE,
  ADD CONSTRAINT `pedidos_productos_producto_id_foreign` FOREIGN KEY (`producto_id`) REFERENCES `productos` (`id`) ON DELETE CASCADE;

--
-- Filtros para la tabla `productos`
--
ALTER TABLE `productos`
  ADD CONSTRAINT `productos_receta_id_foreign` FOREIGN KEY (`receta_id`) REFERENCES `recetas` (`id`) ON DELETE CASCADE;
COMMIT;

/*!40101 SET CHARACTER_SET_CLIENT=@OLD_CHARACTER_SET_CLIENT */;
/*!40101 SET CHARACTER_SET_RESULTS=@OLD_CHARACTER_SET_RESULTS */;
/*!40101 SET COLLATION_CONNECTION=@OLD_COLLATION_CONNECTION */;
